-5.567242385011406114e-01,-4.110386742294460660e-01,-2.995483114072557740e+00,-1.914019734394346806e+00,1.161221126163476530e-01,-1.383160649032273426e+00,1.274629910392710563e+00,0.000000000000000000e+00,0.000000000000000000e+00,0.000000000000000000e+00,0.000000000000000000e+00,0.000000000000000000e+00,-1.058995222512835774e-05,0.000000000000000000e+00,1.279651485947743139e-01,1.982860275067452882e-01,6.550478859924935282e-01
-5.567242385011406114e-01,-4.110381415972277352e-01,-2.995483114072557740e+00,-1.914019734394346806e+00,1.161221126163476530e-01,-1.383159583767837653e+00,1.274629910392710563e+00,0.000000000000000000e+00,5.294976112564178869e-06,0.000000000000000000e+00,0.000000000000000000e+00,0.000000000000000000e+00,0.000000000000000000e+00,0.000000000000000000e+00,1.277765777108116896e-01,1.980267569109679937e-01,6.541135235374938572e-01
-5.567242385011406114e-01,-4.110381415972277352e-01,-2.995483114072557740e+00,-1.914019734394346806e+00,1.161221126163476530e-01,-1.383159583767837653e+00,1.274629910392710563e+00,0.000000000000000000e+00,5.302989144751831836e-06,0.000000000000000000e+00,0.000000000000000000e+00,0.000000000000000000e+00,0.000000000000000000e+00,0.000000000000000000e+00,1.279701833234760111e-01,1.983337208444456157e-01,6.551038729646689873e-01
-5.567242385011406114e-01,-4.110381415972277352e-01,-2.995483114072557740e+00,-1.914019734394346806e+00,1.161221126163476530e-01,-1.383159583767837653e+00,1.274630975657146559e+00,0.000000000000000000e+00,5.311026558907471759e-06,0.000000000000000000e+00,0.000000000000000000e+00,0.000000000000000000e+00,1.059795865386634598e-05,1.059795865386634598e-05,1.277736008034869308e-01,1.981039864157308483e-01,6.540089283134234988e-01
-5.567242385011406114e-01,-4.110381415972277352e-01,-2.995483114072557740e+00,-1.914019201762128475e+00,1.161221126163476530e-01,-1.383159583767837653e+00,1.274630975657146559e+00,0.000000000000000000e+00,0.000000000000000000e+00,0.000000000000000000e+00,5.307004550104820284e-06,0.000000000000000000e+00,0.000000000000000000e+00,1.059795865386634598e-05,1.275634750379687765e-01,1.977753183899799427e-01,6.528101112385099603e-01
-5.567242385011406114e-01,-4.110376089650102926e-01,-2.995483114072557740e+00,-1.914019201762128475e+00,1.161221126163476530e-01,-1.383159583767837653e+00,1.274630975657146559e+00,0.000000000000000000e+00,5.298926499335867074e-06,0.000000000000000000e+00,5.298979326933172992e-06,0.000000000000000000e+00,0.000000000000000000e+00,1.058195697145903039e-05,1.275026959170761920e-01,1.976958756152641938e-01,6.523151764340781034e-01
-5.567242385011406114e-01,-4.110376089650102926e-01,-2.995483114072557740e+00,-1.914019734394346806e+00,1.161221126163476530e-01,-1.383159583767837653e+00,1.274630975657146559e+00,0.000000000000000000e+00,5.294976112564178869e-06,0.000000000000000000e+00,0.000000000000000000e+00,0.000000000000000000e+00,0.000000000000000000e+00,0.000000000000000000e+00,1.273358511458266284e-01,1.976109201440640895e-01,6.516693930316553862e-01
-5.567242385011406114e-01,-4.110370763327910737e-01,-2.995483114072557740e+00,-1.914019734394346806e+00,1.161230613674859996e-01,-1.383159583767837653e+00,1.274630975657146559e+00,0.000000000000000000e+00,1.059795865386634598e-05,0.000000000000000000e+00,-5.298979326933172992e-06,1.058195697145903039e-05,0.000000000000000000e+00,0.000000000000000000e+00,1.276434836069386125e-01,1.979840162127644576e-01,6.529668282547484992e-01
-5.567242385011406114e-01,-4.110370763327910737e-01,-2.995483114072557740e+00,-1.914019201762128475e+00,1.161230613674859996e-01,-1.383159583767837653e+00,1.274630975657146559e+00,0.000000000000000000e+00,5.302936317154524225e-06,0.000000000000000000e+00,0.000000000000000000e+00,1.058195697145903039e-05,0.000000000000000000e+00,0.000000000000000000e+00,1.272157103390768873e-01,1.972344134318037567e-01,6.504273140843429557e-01
-5.567242385011406114e-01,-4.110365437005736311e-01,-2.995483114072557740e+00,-1.914019201762128475e+00,1.161230613674859996e-01,-1.383159583767837653e+00,1.274629910392710563e+00,0.000000000000000000e+00,1.061400910020964057e-05,0.000000000000000000e+00,5.306951722507513519e-06,1.058995222512835774e-05,0.000000000000000000e+00,-1.059795865386634598e-05,1.274712365199990038e-01,1.979378919007409865e-01,6.522412428341842761e-01
-5.567242385011406114e-01,-4.110365437005736311e-01,-2.995483114072557740e+00,-1.914019734394346806e+00,1.161230613674859996e-01,-1.383159583767837653e+00,1.274629910392710563e+00,0.000000000000000000e+00,5.302989144751831836e-06,0.000000000000000000e+00,0.000000000000000000e+00,0.000000000000000000e+00,0.000000000000000000e+00,-1.060597828950366367e-05,1.275795205867929494e-01,1.979383688764477789e-01,6.517206080307453853e-01
-5.567242385011406114e-01,-4.110360110683561885e-01,-2.995483114072557740e+00,-1.914019734394346806e+00,1.161230613674859996e-01,-1.383159583767837653e+00,1.274629910392710563e+00,0.000000000000000000e+00,1.061400910020964057e-05,0.000000000000000000e+00,-5.302936317154524225e-06,0.000000000000000000e+00,0.000000000000000000e+00,-1.058195697145903039e-05,1.281148869016377478e-01,1.985690716729416050e-01,6.535280832314072086e-01
-5.567242385011406114e-01,-4.110360110683561885e-01,-2.995483114072557740e+00,-1.914019734394346806e+00,1.161221126163476530e-01,-1.383159583767837653e+00,1.274629910392710563e+00,0.000000000000000000e+00,5.298979326933172992e-06,0.000000000000000000e+00,-5.294976112564178869e-06,-1.058995222512835774e-05,0.000000000000000000e+00,0.000000000000000000e+00,1.289515484534487777e-01,1.994119784670349005e-01,6.563996557432291157e-01
-5.567242385011406114e-01,-4.110354784361387459e-01,-2.995483114072557740e+00,-1.914019201762128475e+00,1.161221126163476530e-01,-1.383159583767837653e+00,1.274629910392710563e+00,0.000000000000000000e+00,1.059806430906096121e-05,0.000000000000000000e+00,5.294976112564178869e-06,-1.058195697145903039e-05,0.000000000000000000e+00,0.000000000000000000e+00,1.291139553788076266e-01,1.986382676558151594e-01,6.541799603000307828e-01
-5.567242385011406114e-01,-4.110354784361387459e-01,-2.995483114072557740e+00,-1.914019201762128475e+00,1.161221126163476530e-01,-1.383159583767837653e+00,1.274629910392710563e+00,0.000000000000000000e+00,5.298979326933172992e-06,0.000000000000000000e+00,5.294976112564178869e-06,-1.058995222512835774e-05,0.000000000000000000e+00,0.000000000000000000e+00,1.306185050083951971e-01,1.994017714656026452e-01,6.574018540526648247e-01
-5.567242385011406114e-01,-4.110354784361387459e-01,-2.995483114072557740e+00,-1.914019201762128475e+00,1.161221126163476530e-01,-1.383159583767837653e+00,1.274629910392710563e+00,0.000000000000000000e+00,5.298979326933172992e-06,0.000000000000000000e+00,5.306951722507513519e-06,0.000000000000000000e+00,0.000000000000000000e+00,0.000000000000000000e+00,1.312526932768486310e-01,1.989932351892563234e-01,6.562921338014813255e-01
-5.567242385011406114e-01,-4.110354784361387459e-01,-2.995483114072557740e+00,-1.914019201762128475e+00,1.161221126163476530e-01,-1.383159583767837653e+00,1.274629910392710563e+00,0.000000000000000000e+00,0.000000000000000000e+00,0.000000000000000000e+00,0.000000000000000000e+00,0.000000000000000000e+00,0.000000000000000000e+00,0.000000000000000000e+00,1.315823793689045451e-01,1.983947828003317371e-01,6.541591953527826631e-01
-5.567242385011406114e-01,-4.110349458039195270e-01,-2.995483114072557740e+00,-1.914019201762128475e+00,1.161221126163476530e-01,-1.383159583767837653e+00,1.274629910392710563e+00,0.000000000000000000e+00,5.306951722507513519e-06,0.000000000000000000e+00,0.000000000000000000e+00,0.000000000000000000e+00,0.000000000000000000e+00,0.000000000000000000e+00,1.318465914886742807e-01,1.985949751383416229e-01,6.546675594540376508e-01
-5.567242385011406114e-01,-4.110344131717020844e-01,-2.995483114072557740e+00,-1.914019201762128475e+00,1.161221126163476530e-01,-1.383159583767837653e+00,1.274629910392710563e+00,0.000000000000000000e+00,1.060587263430904845e-05,0.000000000000000000e+00,0.000000000000000000e+00,0.000000000000000000e+00,0.000000000000000000e+00,0.000000000000000000e+00,1.317318837087780858e-01,1.986033260200067707e-01,6.543565417610984758e-01
-5.567242385011406114e-01,-4.110344131717020844e-01,-2.995483646704776071e+00,-1.914019201762128475e+00,1.161183009670374716e-01,-1.383159583767837653e+00,1.274629910392710563e+00,0.000000000000000000e+00,1.059795865386634598e-05,-5.294976112564178869e-06,0.000000000000000000e+00,-3.703685143193727238e-05,0.000000000000000000e+00,0.000000000000000000e+00,1.316552072846812194e-01,1.986799555726499467e-01,6.542897531139741929e-01
-5.567242385011406114e-01,-4.110344131717020844e-01,-2.995483646704776071e+00,-1.914019201762128475e+00,1.161059339127254314e-01,-1.383159583767837653e+00,1.274629910392710563e+00,0.000000000000000000e+00,5.295028432203819769e-06,-5.294976112564178869e-06,0.000000000000000000e+00,-1.613748509261575428e-04,0.000000000000000000e+00,0.000000000000000000e+00,1.319200713864247532e-01,1.989739013759938280e-01,6.553397823663124067e-01
-5.567242385011406114e-01,-4.110338805394837536e-01,-2.995483646704776071e+00,-1.914019201762128475e+00,1.160469532169585705e-01,-1.383159583767837653e+00,1.274629910392710563e+00,0.000000000000000000e+00,5.294976112564178869e-06,-5.294976112564178869e-06,0.000000000000000000e+00,-2.831142056430587233e-03,0.000000000000000000e+00,0.000000000000000000e+00,1.322615727899758287e-01,1.993057743556702066e-01,6.560616835682002712e-01
-5.567247711333580540e-01,-4.110338805394837536e-01,-2.995483114072557740e+00,-1.914019201762128475e+00,1.156835565638388574e-01,-1.383159583767837653e+00,1.274629910392710563e+00,-5.302989144751831836e-06,5.307004550104820284e-06,5.311026558907471759e-06,0.000000000000000000e+00,-5.309647254723757516e-03,0.000000000000000000e+00,0.000000000000000000e+00,1.317166651040725389e-01,1.987492511564706854e-01,6.542582418517762788e-01
-5.567247711333580540e-01,-4.110328152750470920e-01,-2.995483114072557740e+00,-1.914019201762128475e+00,1.155028111496065463e-01,-1.383158518503401879e+00,1.274629910392710563e+00,-5.298979326933172992e-06,1.592085516752253971e-05,5.311026558907471759e-06,0.000000000000000000e+00,-7.020916028762464942e-03,1.059005686440763954e-05,0.000000000000000000e+00,1.314327786414942190e-01,1.983752726706091429e-01,6.536411023118265939e-01
-5.567247711333580540e-01,-4.110328152750470920e-01,-2.995483114072557740e+00,-1.914018669129910144e+00,1.153125449344771791e-01,-1.383158518503401879e+00,1.274629910392710563e+00,-5.298979326933172992e-06,1.061400910020964057e-05,5.311026558907471759e-06,5.302936317154524225e-06,-6.339612322744293642e-03,1.060597828950366367e-05,0.000000000000000000e+00,1.317715733736689321e-01,1.980036611425712856e-01,6.544211010905928161e-01
-5.567247711333580540e-01,-4.110333479072654228e-01,-2.995483114072557740e+00,-1.914018402813801423e+00,1.151023133335506571e-01,-1.383157453238966106e+00,1.274630975657146559e+00,0.000000000000000000e+00,5.307004550104820284e-06,0.000000000000000000e+00,7.942464168846267457e-06,-2.327737771304034826e-03,2.121216788939655440e-05,1.060597828950366367e-05,1.324904279085589442e-01,1.974828437360605649e-01,6.573913948487823955e-01
-5.567247711333580540e-01,-4.110328152750470920e-01,-2.995483114072557740e+00,-1.914018402813801423e+00,1.150024198255374802e-01,-1.383157453238966106e+00,1.274630975657146559e+00,0.000000000000000000e+00,0.000000000000000000e+00,0.000000000000000000e+00,7.936467728594272372e-06,-3.405171865234955970e-03,1.058995222512835774e-05,1.060597828950366367e-05,1.332698376868945156e-01,1.961162095930528704e-01,6.611974093386553397e-01
-5.567247711333580540e-01,-4.110328152750470920e-01,-2.995483114072557740e+00,-1.914018402813801423e+00,1.148863642586588629e-01,-1.383158518503401879e+00,1.274629910392710563e+00,0.000000000000000000e+00,0.000000000000000000e+00,0.000000000000000000e+00,2.649516077265240302e-06,-4.303335946580439178e-03,0.000000000000000000e+00,0.000000000000000000e+00,1.331791955174564668e-01,1.925788570244661713e-01,6.602429083802301424e-01
-5.567247711333580540e-01,-4.110333479072654228e-01,-2.995483114072557740e+00,-1.914018402813801423e+00,1.147664970424700642e-01,-1.383158518503401879e+00,1.274629910392710563e+00,0.000000000000000000e+00,0.000000000000000000e+00,0.000000000000000000e+00,0.000000000000000000e+00,-2.572986559598885222e-03,-1.058995222512835774e-05,-1.058995222512835774e-05,1.334893678442423681e-01,1.898470788105992013e-01,6.623014942768745694e-01
-5.567247711333580540e-01,-4.110328152750470920e-01,-2.995483114072557740e+00,-1.914017337549365649e+00,1.146618514563867569e-01,-1.383157453238966106e+00,1.274629910392710563e+00,0.000000000000000000e+00,0.000000000000000000e+00,0.000000000000000000e+00,1.061400910020964057e-05,-3.131177321849737578e-03,0.000000000000000000e+00,-1.058995222512835774e-05,1.333791511487311399e-01,1.861324831605385977e-01,6.613802283530922921e-01
-5.567247711333580540e-01,-4.110328152750470920e-01,-2.995483114072557740e+00,-1.914017337549365649e+00,1.146019220094815910e-01,-1.383157453238966106e+00,1.274630975657146559e+00,0.000000000000000000e+00,0.000000000000000000e+00,0.000000000000000000e+00,1.060597828950366367e-05,-1.950290732802383801e-03,1.060597828950366367e-05,1.058995222512835774e-05,1.336235560736088179e-01,1.826293781926935644e-01,6.616885389409260521e-01
-5.567247711333580540e-01,-4.110328152750470920e-01,-2.995483114072557740e+00,-1.914017071233256928e+00,1.145172584539522892e-01,-1.383156920606747775e+00,1.274630975657146559e+00,0.000000000000000000e+00,5.302989144751831836e-06,0.000000000000000000e+00,1.323743977345278046e-05,-2.205187628376454548e-03,1.590896794221316137e-05,1.060608394469827720e-05,1.339979069496474995e-01,1.794525083854019709e-01,6.632960970766413888e-01
-5.567242385011406114e-01,-4.110328152750470920e-01,-2.995482581440339853e+00,-1.914017071233256928e+00,1.144392528011481669e-01,-1.383156920606747775e+00,1.274630975657146559e+00,5.307004550104820284e-06,0.000000000000000000e+00,5.307004550104820284e-06,2.647461642483436052e-06,-3.324297332549539484e-03,5.295028432203819769e-06,1.060597828950366367e-05,1.339305975372518109e-01,1.759727896506799449e-01,6.620359556594700434e-01
-5.567242385011406114e-01,-4.110322826428296494e-01,-2.995482581440339853e+00,-1.914016005968820267e+00,1.143536321721021348e-01,-1.383156920606747775e+00,1.274630975657146559e+00,5.307004550104820284e-06,5.298979326933172992e-06,5.294976112564178869e-06,1.323730770445951313e-05,-2.296209220933993767e-03,5.290978485729515197e-06,0.000000000000000000e+00,1.337385432772950355e-01,1.731771001438706381e-01,6.613247354121084554e-01
-5.567242385011406114e-01,-4.110322826428296494e-01,-2.995482581440339853e+00,-1.914015207020494103e+00,1.142984548032670578e-01,-1.383156920606747775e+00,1.274631907763528194e+00,5.306951722507513519e-06,5.294976112564178869e-06,5.298926499335867074e-06,1.857451643332453601e-05,-1.312654026134454964e-03,0.000000000000000000e+00,1.058995222512835774e-05,1.334779192100435108e-01,1.707101566979404295e-01,6.605650096253117276e-01
-5.567242385011406114e-01,-4.110322826428296494e-01,-2.995482581440339853e+00,-1.914014674388275772e+00,1.142556444887440209e-01,-1.383156920606747775e+00,1.274631907763528194e+00,0.000000000000000000e+00,5.294976112564178869e-06,0.000000000000000000e+00,2.388151996751402287e-05,-1.371293244312311909e-03,0.000000000000000000e+00,1.058995222512835774e-05,1.337241899767314945e-01,1.687072228251814132e-01,6.617139212775043910e-01
-5.567242385011406114e-01,-4.110322826428296494e-01,-2.995482581440339853e+00,-1.914013342807730389e+00,1.142175945746695120e-01,-1.383156920606747775e+00,1.274632839869909606e+00,0.000000000000000000e+00,0.000000000000000000e+00,0.000000000000000000e+00,2.653528587259529927e-05,-1.275606958657930692e-03,0.000000000000000000e+00,1.853241690193229276e-05,1.341480653191005068e-01,1.665438226717572967e-01,6.626114947999405258e-01
-5.567242385011406114e-01,-4.110322826428296494e-01,-2.995482581440339853e+00,-1.914012011227185006e+00,1.141567080542475882e-01,-1.383154790077875340e+00,1.274632839869909606e+00,0.000000000000000000e+00,0.000000000000000000e+00,0.000000000000000000e+00,3.181793588442632275e-05,-1.708937857899074913e-03,2.116412322147662100e-05,1.060597828950366367e-05,1.352188214074316330e-01,1.647784247219157006e-01,6.652251489880477431e-01
-5.567242385011406114e-01,-4.110322826428296494e-01,-2.995482581440339853e+00,-1.914009614382203850e+00,1.141081969105161159e-01,-1.383153724813439567e+00,1.274633771976291241e+00,0.000000000000000000e+00,0.000000000000000000e+00,0.000000000000000000e+00,5.034030335188631727e-05,-1.401663683712223380e-03,3.176985667538506983e-05,1.856046226061024097e-05,1.356354648074611091e-01,1.619026289612005842e-01,6.637192939142634307e-01
-5.567242385011406114e-01,-4.110322826428296494e-01,-2.995482581440339853e+00,-1.914007750169441024e+00,1.140758478256500563e-01,-1.383152659549003793e+00,1.274634704082672876e+00,0.000000000000000000e+00,0.000000000000000000e+00,0.000000000000000000e+00,5.563928115494648589e-05,-1.078795062874709143e-03,4.235980890051343096e-05,1.856046226061024097e-05,1.365189016651934539e-01,1.594161693072161656e-01,6.639615378669359025e-01
-5.567242385011406114e-01,-4.110317500106122068e-01,-2.995482581440339853e+00,-1.914005885956678199e+00,1.140463616389558316e-01,-1.383152126916785463e+00,1.274634704082672876e+00,0.000000000000000000e+00,5.298979326933172992e-06,0.000000000000000000e+00,6.089222580244571694e-05,-7.450461676237440630e-04,2.651494521580148993e-05,1.853241690193229276e-05,1.377613658356807158e-01,1.571094865145280239e-01,6.655686572359811315e-01
-5.567242385011406114e-01,-4.110317500106122068e-01,-2.995482581440339853e+00,-1.914003755427805764e+00,1.140273366819185702e-01,-1.383149996387913028e+00,1.274635636189054289e+00,0.000000000000000000e+00,5.298979326933172992e-06,0.000000000000000000e+00,5.833229796482677226e-05,-6.156363042946085256e-04,3.712092452122048194e-05,1.853241690193229276e-05,1.386525966741658233e-01,1.545764537989429699e-01,6.656010103424419011e-01
-5.567242385011406114e-01,-4.110317500106122068e-01,-2.995482581440339853e+00,-1.913999494370061782e+00,1.140073546513645786e-01,-1.383148931123477254e+00,1.274635636189054289e+00,0.000000000000000000e+00,5.298979326933172992e-06,0.000000000000000000e+00,8.219632793397088253e-05,-6.463032934438326911e-04,3.712092452122048194e-05,1.058995222512835774e-05,1.392215355729286008e-01,1.519634168684223241e-01,6.639604794396939402e-01
-5.567242385011406114e-01,-4.110317500106122068e-01,-2.995482581440339853e+00,-1.913984846984066124e+00,1.139769113911536097e-01,-1.383148398491259812e+00,1.274636568295435701e+00,0.000000000000000000e+00,0.000000000000000000e+00,0.000000000000000000e+00,2.615420384026887141e-04,-7.286048539516388860e-04,3.703685143193727238e-05,1.856046226061024097e-05,1.400838655405842459e-01,1.497948071742262466e-01,6.630914431083499982e-01
-5.567242385011406114e-01,-4.110317500106122068e-01,-2.995482581440339853e+00,-1.913936643768336054e+00,1.139493227067360781e-01,-1.383147333226823150e+00,1.274636568295435701e+00,0.000000000000000000e+00,0.000000000000000000e+00,0.000000000000000000e+00,4.308289582252581955e-03,-9.513923231503282341e-04,2.647487954690556092e-05,1.060597828950366367e-05,1.415656378304192553e-01,1.482387340194001313e-01,6.648112336285209034e-01
-5.567242385011406114e-01,-4.110317500106122068e-01,-2.995482581440339853e+00,-1.913245553465460880e+00,1.139160331931100834e-01,-1.383149996387913028e+00,1.274636568295435701e+00,0.000000000000000000e+00,0.000000000000000000e+00,0.000000000000000000e+00,2.646955338727185678e-02,-1.104548792890778543e-03,-1.059005686440763954e-05,1.059795865386634598e-05,1.424474396049861813e-01,1.458806120702873244e-01,6.630304083729288145e-01
-5.567242385011406114e-01,-4.110312173783929879e-01,-2.995482581440339853e+00,-1.911945131905175010e+00,1.138874957575541913e-01,-1.383152126916785463e+00,1.274636568295435701e+00,0.000000000000000000e+00,5.294976112564178869e-06,0.000000000000000000e+00,3.482402496549952958e-02,-7.280273589125255823e-04,-3.712092452122048194e-05,0.000000000000000000e+00,1.441168011442321428e-01,1.441623131064582175e-01,6.645408737781589581e-01
-5.567242385011406114e-01,-4.110306847461755453e-01,-2.995482581440339853e+00,-1.910615149256789991e+00,1.138808295324505865e-01,-1.383151061652349689e+00,1.274636568295435701e+00,0.000000000000000000e+00,1.058995222512835774e-05,0.000000000000000000e+00,4.985597766412658977e-02,-3.889113098123451345e-04,-3.712092452122048194e-05,0.000000000000000000e+00,1.457623359900393767e-01,1.422081466015423512e-01,6.653561484558820904e-01
-5.567242385011406114e-01,-4.110306847461755453e-01,-2.995482315124230688e+00,-1.909159998037170070e+00,1.138741716297253931e-01,-1.383149996387913028e+00,1.274636568295435701e+00,0.000000000000000000e+00,1.058995222512835774e-05,2.649489663466586496e-06,5.241060661740669369e-02,-2.238891277856040491e-04,0.000000000000000000e+00,0.000000000000000000e+00,1.474653141959080260e-01,1.402353833568752151e-01,6.655682349928064845e-01
-5.567242385011406114e-01,-4.110301521139581027e-01,-2.995482315124230688e+00,-1.907255305225545428e+00,1.138741716297253931e-01,-1.383152126916785463e+00,1.274637633559871697e+00,0.000000000000000000e+00,1.061400910020964057e-05,2.655486611676249564e-06,4.889984873732850651e-02,-1.038842022416238081e-04,-1.058195697145903039e-05,1.059795865386634598e-05,1.489719972717154783e-01,1.380567224742422217e-01,6.648275722185076342e-01
-5.567242385011406114e-01,-4.110290868495214411e-01,-2.995481249859794470e+00,-1.905733042346456685e+00,1.139645443368415556e-01,-1.383153724813439567e+00,1.274637633559871697e+00,0.000000000000000000e+00,1.592101365031445916e-05,1.326737879831111666e-05,5.185871641575820479e-02,6.437125110384575750e-03,-2.645489242864757344e-05,1.060587263430904845e-05,1.505685934641468604e-01,1.361342972870575874e-01,6.644009072891444712e-01
-5.567242385011406114e-01,-4.110285542173031104e-01,-2.995480717227577028e+00,-1.904220633163399512e+00,1.145381809132662160e-01,-1.383152659549003793e+00,1.274637633559871697e+00,0.000000000000000000e+00,2.122801820041928113e-05,1.592085516752253971e-05,4.834744670940801375e-02,3.187150310060477693e-02,-2.647487954690556092e-05,1.059005686440763954e-05,1.521163237127433343e-01,1.342458985804814153e-01,6.638135213297348125e-01
-5.567237058689222806e-01,-4.110274889528682252e-01,-2.995480717227577028e+00,-1.902406221512729090e+00,1.160431498900268144e-01,-1.383153724813439567e+00,1.274637633559871697e+00,5.294976112564178869e-06,2.653502173460876799e-05,1.592101365031445916e-05,5.396476085054967980e-02,4.429598806544887690e-02,-1.590896794221316137e-05,0.000000000000000000e+00,1.541229219152792929e-01,1.326305422394872813e-01,6.655670170216915205e-01
-5.567237058689222806e-01,-4.110264236884315636e-01,-2.995480450911467862e+00,-1.900979033484555991e+00,1.172627278664717942e-01,-1.383153724813439567e+00,1.274637633559871697e+00,5.302989144751831836e-06,2.649516128061006888e-05,7.948547977816887973e-06,4.721916522408232259e-02,4.051461972910500725e-02,0.000000000000000000e+00,0.000000000000000000e+00,1.550050195982592138e-01,1.302856248863809574e-01,6.631710629617758590e-01
-5.567237058689222806e-01,-4.110258910562141210e-01,-2.995479918279249532e+00,-1.899696188787464379e+00,1.184756396178131416e-01,-1.383153724813439567e+00,1.274637633559871697e+00,5.307004550104820284e-06,2.649489714262353760e-05,7.948468736420926555e-06,3.970432800031318404e-02,3.484257346637301828e-02,-1.060587263430904845e-05,0.000000000000000000e+00,1.567871870813744850e-01,1.285226986763519930e-01,6.650972837027084861e-01
-5.567237058689222806e-01,-4.110253584239949021e-01,-2.995478853014813758e+00,-1.898168333270086272e+00,1.199140129225649554e-01,-1.383153724813439567e+00,1.274637633559871697e+00,0.000000000000000000e+00,2.117990445025671548e-05,1.854661330279318260e-05,3.811680519094933633e-02,5.212881088456268464e-02,0.000000000000000000e+00,0.000000000000000000e+00,1.577892066396755499e-01,1.262438412333874160e-01,6.641046052836537816e-01
-5.567237058689222806e-01,-4.110248257917774595e-01,-2.995478586698705037e+00,-1.897053534037778988e+00,1.215692840533468821e-01,-1.383153724813439567e+00,1.274636568295435701e+00,0.000000000000000000e+00,1.590880945942123854e-05,1.856046226061024097e-05,3.410450957917657983e-02,6.369518997607502564e-02,0.000000000000000000e+00,-1.058995222512835774e-05,1.588487547138482114e-01,1.241757394008152632e-01,6.633386449493151593e-01
-5.567237058689222806e-01,-4.110242931595591287e-01,-2.995478586698705037e+00,-1.896051652835691215e+00,1.233967451933592613e-01,-1.383152659549003793e+00,1.274636568295435701e+00,0.000000000000000000e+00,1.590880945942123854e-05,1.325747260790074496e-05,3.360297392807660988e-02,5.591017922090655429e-02,1.058995222512835774e-05,-1.058195697145903039e-05,1.603516046576566600e-01,1.223377082878438216e-01,6.648227959780615981e-01
-5.567237058689222806e-01,-4.110237605273416861e-01,-2.995478586698705037e+00,-1.894814081877131073e+00,1.259319746825738051e-01,-1.383152659549003793e+00,1.274636568295435701e+00,0.000000000000000000e+00,1.592101365031445916e-05,2.651468158577262112e-06,2.782004029545643783e-02,6.752437037636421779e-02,1.060608394469827720e-05,-1.058195697145903039e-05,1.612958917180117857e-01,1.203082448670760307e-01,6.640569414169743556e-01
-5.567237058689222806e-01,-4.110232278951224671e-01,-2.995478054066486706e+00,-1.893865730212954013e+00,1.280847825616313884e-01,-1.383152659549003793e+00,1.274636568295435701e+00,0.000000000000000000e+00,1.589693747284185311e-05,5.306951722507513519e-06,3.588656590319769940e-02,6.720594785615321975e-02,1.060597828950366367e-05,0.000000000000000000e+00,1.626290296703254423e-01,1.185765848653261845e-01,6.647084081887265627e-01
-5.567237058689222806e-01,-4.110226952629050245e-01,-2.995478054066486706e+00,-1.892670237199617134e+00,1.305619801062174457e-01,-1.383152659549003793e+00,1.274636568295435701e+00,0.000000000000000000e+00,1.589677899004993366e-05,5.294976112564178869e-06,4.213520734787786631e-02,9.345372650364872080e-02,0.000000000000000000e+00,0.000000000000000000e+00,1.637581046013249775e-01,1.165114214232654960e-01,6.643263912130473736e-01
-5.567237058689222806e-01,-4.110221626306875820e-01,-2.995477521434268819e+00,-1.890969276211383665e+00,1.343215396499470859e-01,-1.383152126916785463e+00,1.274636568295435701e+00,0.000000000000000000e+00,1.589693747284185311e-05,1.059785299867173415e-05,4.186510871788419463e-02,1.069585997466837302e-01,5.291030805369155249e-06,0.000000000000000000e+00,1.648190696511914188e-01,1.145993750617683993e-01,6.639418758053772240e-01
-5.567237058689222806e-01,-4.110221626306875820e-01,-2.995477521434268819e+00,-1.889548479769826095e+00,1.371669025704797817e-01,-1.383152126916785463e+00,1.274635636189054289e+00,0.000000000000000000e+00,1.061390344501502704e-05,5.298979326933172992e-06,4.861754533940169237e-02,8.697138435093569597e-02,5.290978485729515197e-06,-1.058206161073831050e-05,1.664093247938335518e-01,1.127869478591920077e-01,6.654184313699421649e-01
-5.567237058689222806e-01,-4.110205647340334778e-01,-2.995477521434268819e+00,-1.887852845103773269e+00,1.399780105814913134e-01,-1.383152126916785463e+00,1.274635636189054289e+00,0.000000000000000000e+00,2.122822951080850819e-05,5.307004550104820284e-06,6.043519784095222058e-02,9.075274852609035992e-02,5.302989144751831836e-06,-1.058195697145903039e-05,1.678252956843287735e-01,1.107130691517111409e-01,6.659604438872500642e-01
-5.567237058689222806e-01,-4.110194994695977044e-01,-2.995477255118159654e+00,-1.885425373770165614e+00,1.431858047592485805e-01,-1.383151061652349689e+00,1.274635636189054289e+00,0.000000000000000000e+00,2.651494521580148993e-05,2.653502275052410142e-06,6.482339239880585691e-02,8.425820576663341221e-02,1.061400910020964057e-05,-1.058995222512835774e-05,1.690821774090729979e-01,1.084735567688644292e-01,6.657964447729888269e-01
-5.567237058689222806e-01,-4.110184342051610429e-01,-2.995476722485941767e+00,-1.883333993366126613e+00,1.454898718658442502e-01,-1.383152126916785463e+00,1.274635636189054289e+00,0.000000000000000000e+00,3.712092452122048194e-05,7.960506825157229578e-06,7.346651110790068662e-02,6.752437037636421779e-02,0.000000000000000000e+00,0.000000000000000000e+00,1.708100309710780806e-01,1.064625065292113260e-01,6.674757163031477258e-01
-5.567237058689222806e-01,-4.110179015729436003e-01,-2.995474858273178498e+00,-1.881114248597545391e+00,1.474029536349026892e-01,-1.383152126916785463e+00,1.274635636189054289e+00,0.000000000000000000e+00,2.649489714262353760e-05,2.649489714262353760e-05,7.859836427183454488e-02,6.626527358605599494e-02,0.000000000000000000e+00,0.000000000000000000e+00,1.724137580322730456e-01,1.042581835872934265e-01,6.686948668944805441e-01
-5.567237058689222806e-01,-4.110157710440711654e-01,-2.995473526692634003e+00,-1.877849745733326969e+00,1.498554087484862130e-01,-1.383152126916785463e+00,1.274635636189054289e+00,0.000000000000000000e+00,3.706446401068343562e-05,3.706483380386458551e-05,8.726742799561162944e-02,5.699056541850285734e-02,-1.058995222512835774e-05,0.000000000000000000e+00,1.739249283586934702e-01,1.017389171609246329e-01,6.693991715556393274e-01
-5.567237058689222806e-01,-4.110152384118528346e-01,-2.995470330899325351e+00,-1.875224934162944557e+00,1.513365923677610358e-01,-1.383153724813439567e+00,1.274635636189054289e+00,0.000000000000000000e+00,3.706446401068343562e-05,6.353971335077013966e-05,9.102285131727323730e-02,5.780086130848387932e-02,-1.588492833769253491e-05,0.000000000000000000e+00,1.752653658655340119e-01,9.916196165034073251e-02,6.693601767661971902e-01
-5.567231732367048380e-01,-4.110152384118528346e-01,-2.995457281409983796e+00,-1.872542864629125781e+00,1.529956751478531440e-01,-1.383154790077875340e+00,1.274635636189054289e+00,5.306951722507513519e-06,2.647487954690556092e-05,1.822284230532043837e-04,8.913216506850671350e-02,6.563368828878689276e-02,-2.647487954690556092e-05,0.000000000000000000e+00,1.769267707944881807e-01,9.661487964598132472e-02,6.703294886030053412e-01
-5.567231732367048380e-01,-4.110136405151996186e-01,-2.995393631859931460e+00,-1.869006186701500205e+00,1.559190437211899483e-01,-1.383154790077875340e+00,1.274634704082672876e+00,5.311026558907471759e-06,2.122801820041928113e-05,3.667544207175500726e-03,8.346012296696390942e-02,9.453411270124502386e-02,-2.651494521580148993e-05,-1.060597828950366367e-05,1.784057588686776274e-01,9.411734757580658695e-02,6.707197977679651979e-01
-5.567231732367048380e-01,-4.110109773541088529e-01,-2.994860467009697658e+00,-1.866459139434948789e+00,1.592876096050039048e-01,-1.383154790077875340e+00,1.274634704082672876e+00,5.298979326933172992e-06,4.245603640083856227e-05,2.683222599347021009e-02,8.852126920395615717e-02,1.120984590386446267e-01,-1.059795865386634598e-05,-1.060597828950366367e-05,1.795241812861760045e-01,9.152494884815463860e-02,6.694456716462167112e-01
-5.567231732367048380e-01,-4.110104447218905221e-01,-2.994067910269289534e+00,-1.863926739554392142e+00,1.631927192246848124e-01,-1.383153724813439567e+00,1.274634704082672876e+00,0.000000000000000000e+00,4.776256448665228740e-05,3.360297392807660988e-02,8.291992570697656606e-02,1.418011773742459403e-01,1.058195697145903039e-05,-1.060597828950366367e-05,1.815159335901991855e-01,8.927872296879500735e-02,6.711329604408191596e-01
-5.567231732367048380e-01,-4.110083141930189754e-01,-2.992556566350669911e+00,-1.860542394441119463e+00,1.685476204522911581e-01,-1.383153724813439567e+00,1.274633771976291241e+00,0.000000000000000000e+00,5.298979428524707520e-05,4.564647289303885858e-02,8.940226785968959089e-02,1.147914308881759354e-01,1.058995222512835774e-05,-1.058995222512835774e-05,1.825061283640921073e-01,8.674164578720554297e-02,6.690715399693881738e-01
-5.567231732367048380e-01,-4.110061836641474287e-01,-2.991122986735879952e+00,-1.857908528123031644e+00,1.722929237618104903e-01,-1.383153724813439567e+00,1.274633771976291241e+00,0.000000000000000000e+00,5.299032256122013777e-05,5.131851915577085449e-02,9.027664190221144913e-02,1.201180942858490752e-01,1.058195697145903039e-05,-1.058995222512835774e-05,1.837787531435020327e-01,8.446850760435910266e-02,6.680014817844561748e-01
-5.567231732367048380e-01,-4.110051183997107671e-01,-2.989531481668449064e+00,-1.855173195367410877e+00,1.754541126204913759e-01,-1.383153724813439567e+00,1.274633771976291241e+00,0.000000000000000000e+00,5.294975909381112184e-05,5.726066404849652902e-02,9.183314304606506051e-02,1.082300677524932198e-01,0.000000000000000000e+00,-1.058195697145903039e-05,1.852328061729416331e-01,8.258717185093546187e-02,6.679790621667007766e-01
-5.567237058689222806e-01,-4.110019226064034470e-01,-2.987166328304349694e+00,-1.851591510017363440e+00,1.792659949572626421e-01,-1.383152659549003793e+00,1.274633771976291241e+00,-5.307004550104820284e-06,6.363587176885264550e-05,6.313877240057340356e-02,8.805177887091041045e-02,9.750518514760785072e-02,1.059795865386634598e-05,0.000000000000000000e+00,1.872389884750728650e-01,8.095387387561676917e-02,6.698654889719273253e-01
-5.567237058689222806e-01,-4.109997920775310121e-01,-2.985236868094586882e+00,-1.849067632252294757e+00,1.818525901660021094e-01,-1.383152126916785463e+00,1.274633771976291241e+00,-5.307004550104820284e-06,6.368342067009015884e-05,6.320280894122221049e-02,8.156943671819737174e-02,6.941505246394155670e-02,1.587309190814979734e-05,0.000000000000000000e+00,1.880636545602052401e-01,7.894993731383921631e-02,6.679380799350369546e-01
-5.567237058689222806e-01,-4.109965962842228038e-01,-2.983262134146293043e+00,-1.846631638803200026e+00,1.840995824014860505e-01,-1.383152126916785463e+00,1.274633771976291241e+00,-5.298979326933172992e-06,8.491122756012021630e-05,6.745671360110860881e-02,7.697778081425088459e-02,7.535719735666722430e-02,1.587293545718854474e-05,0.000000000000000000e+00,1.898317724305697840e-01,7.740854008860793833e-02,6.693173450574527727e-01
-5.567237058689222806e-01,-4.109912699620421606e-01,-2.980547840363284351e+00,-1.843692041591969755e+00,1.869677569612309409e-01,-1.383152126916785463e+00,1.274633771976291241e+00,0.000000000000000000e+00,1.061400869384350720e-04,6.752029657213423630e-02,7.076554145272073715e-02,5.963106467218119711e-02,5.295028432203819769e-06,0.000000000000000000e+00,1.908555788574929912e-01,7.553715781218998948e-02,6.681973429220249283e-01
-5.567237058689222806e-01,-4.109811499498992049e-01,-2.978601868554763499e+00,-1.841774565607113168e+00,1.888760783298408519e-01,-1.383152126916785463e+00,1.274633771976291241e+00,0.000000000000000000e+00,1.857726997024262169e-04,6.536358965879321414e-02,6.509349102879953552e-02,6.168903904929674831e-02,0.000000000000000000e+00,0.000000000000000000e+00,1.925450453642188753e-01,7.394447950108032352e-02,6.693950670558636018e-01
-5.567237058689222806e-01,-4.109310825214063101e-01,-2.976636189354176398e+00,-1.839972138181346750e+00,1.905960476303548701e-01,-1.383151061652349689e+00,1.274633771976291241e+00,0.000000000000000000e+00,4.362349411712263848e-03,6.093673765324138930e-02,5.726066404849652902e-02,4.348569217546784799e-02,1.060597828950366367e-05,0.000000000000000000e+00,1.939915573802203641e-01,7.224818542535328680e-02,6.697033734871390420e-01
-5.567237058689222806e-01,-4.102077679693412193e-01,-2.974227093832090052e+00,-1.837727093382410359e+00,1.926641753091263565e-01,-1.383149996387913028e+00,1.274634704082672876e+00,0.000000000000000000e+00,2.376857749030809180e-02,5.909141668916867429e-02,4.942783706819352946e-02,5.104842468696638158e-02,2.119591730773269197e-05,1.060597828950366367e-05,1.956278988340552916e-01,7.037153580153730770e-02,6.710222623332939840e-01
-5.567237058689222806e-01,-4.094498323231050563e-01,-2.972570341317952280e+00,-1.836283926387696219e+00,1.940549945436634283e-01,-1.383147333226823150e+00,1.274634704082672876e+00,0.000000000000000000e+00,2.405112431780329074e-02,5.077832605697270296e-02,4.564647289303885858e-02,4.680423640386956879e-02,4.761880433973496399e-05,1.060597828950366367e-05,1.964865949263380207e-01,6.822490953869422836e-02,6.692213860334605968e-01
-5.567237058689222806e-01,-4.085177259415768702e-01,-2.971023843672942810e+00,-1.834847683611816826e+00,1.952488730155891306e-01,-1.383146267962387377e+00,1.274635636189054289e+00,0.000000000000000000e+00,3.106603627069411469e-02,4.338294409166122689e-02,4.087525751378297267e-02,3.565286519516484148e-02,4.761880433973496399e-05,1.856046226061024097e-05,1.979300612086886402e-01,6.644570220229024937e-02,6.697559299924930043e-01
-5.567237058689222806e-01,-4.071025221383086645e-01,-2.969259765766874448e+00,-1.833294261747973941e+00,1.968289930693603862e-01,-1.383144137433515830e+00,1.274635636189054289e+00,0.000000000000000000e+00,3.565286519516484148e-02,4.186510871788419463e-02,3.619306245515219178e-02,4.348569217546784799e-02,6.878271828265303495e-05,1.058995222512835774e-05,1.991775409986302758e-01,6.450685997972202546e-02,6.689776949304689913e-01
-5.567237058689222806e-01,-4.057522994656386217e-01,-2.968124460194173864e+00,-1.832223670989761466e+00,1.978640139822628874e-01,-1.383136680582462752e+00,1.274636568295435701e+00,0.000000000000000000e+00,4.915774259938904961e-02,3.079111274181927510e-02,3.209836281358750126e-02,3.485681513642113760e-02,1.060597808632059597e-04,1.851842571596863619e-05,2.009681438003357024e-01,6.295364935713530785e-02,6.700168697678658969e-01
-5.567237058689222806e-01,-4.042183186777528192e-01,-2.967145215861351826e+00,-1.831217262413820990e+00,1.988105680127043029e-01,-1.383099396327201802e+00,1.274637633559871697e+00,0.000000000000000000e+00,5.620100057313240360e-02,3.538277072636036857e-02,3.295189137879567937e-02,2.592935820787910239e-02,1.023371013542174893e-03,2.117990445025671548e-05,2.023915638304030484e-01,6.143494335271008910e-02,6.698268532292447341e-01
-5.567237058689222806e-01,-4.019221411858868720e-01,-2.965971028136735299e+00,-1.829659579492233235e+00,1.998094365138089745e-01,-1.382912442418678722e+00,1.274637633559871697e+00,0.000000000000000000e+00,6.266261584242405203e-02,2.698238042527483990e-02,3.646316108514587040e-02,2.403867612030177389e-02,6.401085050695237005e-03,2.121195657900732735e-05,2.037236864478643994e-01,5.998879033856235887e-02,6.692832012061862290e-01
-5.567237058689222806e-01,-3.999945451888873293e-01,-2.965191254569560897e+00,-1.828452901202318515e+00,2.005933213359169798e-01,-1.382786741215226378e+00,1.274638565666253331e+00,0.000000000000000000e+00,6.320280894122221049e-02,2.281993038169744664e-02,4.375579080546151967e-02,2.783529937626475284e-02,5.723125900499176875e-03,2.121195657900732735e-05,2.046739071821932210e-01,5.857512842330014902e-02,6.677181572269229592e-01
-5.567237058689222806e-01,-3.979076921587019200e-01,-2.964453825263717590e+00,-1.827169790189118181e+00,2.013534041557824006e-01,-1.382653583160722732e+00,1.274638565666253331e+00,0.000000000000000000e+00,7.184592765031704020e-02,2.382300376449198939e-02,4.409372930303576826e-02,2.322838231091534089e-02,4.001347522979014845e-03,1.060597828950366367e-05,2.065352660447754007e-01,5.748399405542899132e-02,6.687576473687175671e-01
-5.567237058689222806e-01,-3.950570445278795972e-01,-2.963701215939661626e+00,-1.825223818380597329e+00,2.022200467087646170e-01,-1.382479412425431597e+00,1.274639497772634966e+00,0.000000000000000000e+00,6.752437037636421779e-02,1.728623845848696952e-02,4.802863719860111374e-02,2.407377159004197437e-02,9.007458911866389126e-03,1.851860858072854429e-05,2.075364060442574099e-01,5.628106704550887157e-02,6.679752733964523514e-01
-5.567237058689222806e-01,-3.929723220265666228e-01,-2.963127304724749500e+00,-1.823719132364702844e+00,2.029554120647627524e-01,-1.382357439647505792e+00,1.274640429879016379e+00,0.000000000000000000e+00,7.076554145272073715e-02,1.998721331515342786e-02,4.807735224060354778e-02,3.187150310060477693e-02,2.164313177093079958e-03,1.851842571596863619e-05,2.091732876528264173e-01,5.505596904777056849e-02,6.687778177387893042e-01
-5.567237058689222806e-01,-3.910239533730646144e-01,-2.962521968208974066e+00,-1.822199266330594369e+00,2.040836602605747840e-01,-1.382304176425704689e+00,1.274640429879016379e+00,0.000000000000000000e+00,6.266261584242405203e-02,2.482379057381934109e-02,4.839831308622853656e-02,3.862393764152768222e-02,1.622868990753539940e-03,1.853241690193229276e-05,2.102471539947834978e-01,5.400381209922797826e-02,6.685107925138740192e-01
-5.567237058689222806e-01,-3.885765083312815449e-01,-2.961346448903813044e+00,-1.820080987999546096e+00,2.065408757746068358e-01,-1.382183268912214658e+00,1.274640429879016379e+00,0.000000000000000000e+00,6.104202822365119296e-02,3.031444019620871400e-02,5.212881088456268464e-02,6.941505246394155670e-02,4.503729455933194563e-03,1.060587263430904845e-05,2.103604370886654473e-01,5.285240572865943648e-02,6.654020436977181596e-01
-5.567237058689222806e-01,-3.869663611362197386e-01,-2.960193566467917758e+00,-1.818521973497413846e+00,2.088715744921033346e-01,-1.382055969812108209e+00,1.274640429879016379e+00,0.000000000000000000e+00,4.645676462183068178e-02,4.267540044667601784e-02,4.942783706819352946e-02,7.049543866153785976e-02,2.950217346299129333e-03,0.000000000000000000e+00,2.122037867182438031e-01,5.202014818991120004e-02,6.677147342439073707e-01
-5.567237058689222806e-01,-3.854488919470915320e-01,-2.958713115217943113e+00,-1.816898244180792155e+00,2.110614918564754638e-01,-1.382002706590307106e+00,1.274640429879016379e+00,0.000000000000000000e+00,5.077832605697270296e-02,4.645676462183068178e-02,5.416598763804039013e-02,6.860476073514973350e-02,2.086416105319750108e-03,0.000000000000000000e+00,2.137034790212267443e-01,5.116098002368538872e-02,6.695704745889394793e-01
-5.567237058689222806e-01,-3.835271549044918515e-01,-2.956469934631769547e+00,-1.814855865940810276e+00,2.138212258255837439e-01,-1.381710824134834148e+00,1.274640429879016379e+00,0.000000000000000000e+00,4.051461972910500725e-02,6.374300620120955385e-02,5.126652509667625757e-02,6.259912441756088075e-02,9.125823938752802844e-03,0.000000000000000000e+00,2.141425143962723820e-01,5.009767711834874071e-02,6.680229062517848426e-01
-5.567237058689222806e-01,-3.821795953929116862e-01,-2.954442203777782883e+00,-1.813445455827504382e+00,2.156905485289807578e-01,-1.381443442761391083e+00,1.274640429879016379e+00,0.000000000000000000e+00,4.483618116424702843e-02,7.265621937910886341e-02,4.915774259938904961e-02,6.266261584242405203e-02,1.053380183696946658e-02,0.000000000000000000e+00,2.150372174600553021e-01,4.908072024874822470e-02,6.675533578714052396e-01
-5.567237058689222806e-01,-3.809667918324883829e-01,-2.952311941221828828e+00,-1.812095765787051782e+00,2.173952878770109287e-01,-1.380808012525298167e+00,1.274641361985397792e+00,0.000000000000000000e+00,3.727345281393770055e-02,7.211602211912150617e-02,4.159501008789051602e-02,4.834744670940801375e-02,3.457247691697393904e-02,1.060597828950366367e-05,2.169932407887964210e-01,4.799253291902861457e-02,6.702035359909533918e-01
-5.567237058689222806e-01,-3.794216257680256277e-01,-2.949300971293384865e+00,-1.810450464865601461e+00,2.193996827819454654e-01,-1.379214376928993957e+00,1.274641361985397792e+00,0.000000000000000000e+00,3.453744802626099175e-02,7.905837541587527884e-02,4.112602741992756050e-02,5.401949713332921538e-02,3.943423353150870420e-02,1.060597828950366367e-05,2.175601045264806965e-01,4.656248949838993206e-02,6.695304725014878944e-01
-5.567242385011406114e-01,-3.783094896968082210e-01,-2.946968308494584576e+00,-1.809419288891522370e+00,2.206706264779153270e-01,-1.377712354074189349e+00,1.274641361985397792e+00,-5.307004550104820284e-06,3.349208655818843028e-02,7.773822149638778822e-02,3.661219407646022772e-02,4.429598806544887690e-02,6.590378275759135873e-02,1.060597828950366367e-05,2.193951248218575234e-01,4.517608958779148476e-02,6.724134657910859625e-01
-5.567242385011406114e-01,-3.772042778444246736e-01,-2.944575990887366324e+00,-1.808456822473567094e+00,2.219663042825092969e-01,-1.375669176885881306e+00,1.274642294091779426e+00,-5.307004550104820284e-06,3.241169619940292845e-02,7.272285666300969120e-02,3.133130792121202601e-02,3.079111274181927510e-02,6.806456347516236238e-02,1.058995222512835774e-05,2.199992708184412282e-01,4.340063272542848960e-02,6.717413035749981720e-01
-5.567242385011406114e-01,-3.757890740411573560e-01,-2.941690988478483426e+00,-1.807289825283894480e+00,2.233808922297753630e-01,-1.373162077035680717e+00,1.274642294091779426e+00,-5.302989144751831836e-06,4.051461972910500725e-02,7.365656926356987932e-02,2.484896784909360057e-02,3.582615375834493493e-02,6.720594785615321975e-02,1.058995222512835774e-05,2.211381335331212561e-01,4.178902170760929319e-02,6.720702716198295734e-01
-5.567242385011406114e-01,-3.745885210217485550e-01,-2.939641952335776409e+00,-1.806524432786606127e+00,2.243778632286033137e-01,-1.371353790655516214e+00,1.274643226198161061e+00,0.000000000000000000e+00,3.457247691697393904e-02,6.610683214595308721e-02,2.052740849454618224e-02,3.079111274181927510e-02,5.618027368971102720e-02,1.853241690193229276e-05,2.217657057271793797e-01,4.015002694818544521e-02,6.716117079148924418e-01
-5.567242385011406114e-01,-3.733565427014786664e-01,-2.937710095281032885e+00,-1.805857044617432905e+00,2.252473686797573926e-01,-1.369828864615337594e+00,1.274643226198161061e+00,0.000000000000000000e+00,4.267540044667601784e-02,6.017070849400451421e-02,1.890682295636792604e-02,2.592935820787910239e-02,4.413524964890578467e-02,1.059795865386634598e-05,2.227440538253091518e-01,3.842014471327801634e-02,6.718686788305731072e-01
-5.567242385011406114e-01,-3.715173636526705181e-01,-2.935364116676782320e+00,-1.805069814199205425e+00,2.263356528144614410e-01,-1.367797937968043165e+00,1.274644291462597057e+00,0.000000000000000000e+00,4.537637426304517996e-02,5.915134613607386099e-02,1.782643259758242074e-02,2.214799403272443845e-02,4.429598806544887690e-02,2.119591730773269197e-05,2.240592944994677371e-01,3.682917673956616345e-02,6.726368829093931634e-01
-5.567242385011406114e-01,-3.700227976489172121e-01,-2.933794183214180507e+00,-1.804350760704883427e+00,2.269720817359631437e-01,-1.366548915416795573e+00,1.274645223568978469e+00,0.000000000000000000e+00,4.856828518161363656e-02,5.666300076561230775e-02,2.104625677332626690e-02,2.511906439849267633e-02,4.159501008789051602e-02,2.116412322147662100e-05,2.251217003319919696e-01,3.507260721002920800e-02,6.734111809536211801e-01
-5.567242385011406114e-01,-3.684728378944903682e-01,-2.932310536170897208e+00,-1.803494820730532133e+00,2.276922171394773764e-01,-1.365466074117569484e+00,1.274647087781741517e+00,0.000000000000000000e+00,4.910437950904657928e-02,4.714447187788400884e-02,2.917052720364101542e-02,2.700974856666460769e-02,3.263062676635886117e-02,3.706483380386458551e-05,2.250974695352964683e-01,3.330447394049098481e-02,6.709976636008903039e-01
-5.567242385011406114e-01,-3.663918438187030446e-01,-2.930617032033715930e+00,-1.802276690847929963e+00,2.287947824755270088e-01,-1.363984291287049011e+00,1.274664265170772692e+00,0.000000000000000000e+00,5.504405681657473931e-02,3.632721919506493730e-02,3.619306245515219178e-02,2.511906439849267633e-02,3.565286519516484148e-02,1.984136610428564797e-04,2.269904935466903195e-01,3.192342973454634358e-02,6.736373894154441544e-01
-5.567242385011406114e-01,-3.647928819002190792e-01,-2.929485987518759327e+00,-1.801177870582163720e+00,2.298212479834275956e-01,-1.363060174388791346e+00,1.274898223872536152e+00,0.000000000000000000e+00,5.185871641575820479e-02,3.432295952877953416e-02,3.997442663030685572e-02,4.112602741992756050e-02,2.700974856666460769e-02,2.824444882482284036e-03,2.272556782961810684e-01,3.029399631758963526e-02,6.714137916587212818e-01
-5.567242385011406114e-01,-3.628003047726222619e-01,-2.928121916408420677e+00,-1.799322179934596200e+00,2.316525041279933472e-01,-1.361938983569868533e+00,1.275219800574163065e+00,0.000000000000000000e+00,5.401949713332921538e-02,2.971072238303376981e-02,5.726066404849652902e-02,5.774229673163736032e-02,2.592935820787910239e-02,1.482423653657388360e-02,2.282824287936804641e-01,2.903291897767383903e-02,6.719514376165345304e-01
-5.567242385011406114e-01,-3.613499472429655412e-01,-2.927257986950798863e+00,-1.797516024083304131e+00,2.337149392999347264e-01,-1.361249224847537853e+00,1.275948441448408799e+00,0.000000000000000000e+00,4.321559770666337508e-02,2.376857749030809180e-02,5.717520986701861430e-02,7.716961163652065470e-02,2.156608709275831953e-02,2.806167639129989247e-02,2.295402644897921174e-01,2.768344666487280309e-02,6.725609234940599368e-01
-5.567242385011406114e-01,-3.600284867100675967e-01,-2.926498187091799430e+00,-1.795495750080370101e+00,2.358839175602361893e-01,-1.360558400860771400e+00,1.276942599483335439e+00,0.000000000000000000e+00,4.058627540718495741e-02,2.268818713152258998e-02,7.238612491030438356e-02,6.374300620120955385e-02,2.538916302848635148e-02,3.453744802626099175e-02,2.296371261523427187e-01,2.645442529419519614e-02,6.696030382919893054e-01
-5.567242385011406114e-01,-3.588332600128412153e-01,-2.925779932545804929e+00,-1.793132460929033556e+00,2.381385164495836149e-01,-1.359851597907463905e+00,1.277873906916536129e+00,0.000000000000000000e+00,3.187150310060477693e-02,2.106760367393893316e-02,8.040749953459580546e-02,7.994885326061371145e-02,2.484896784909360057e-02,3.781364591273585207e-02,2.311690181450842541e-01,2.549071756384830786e-02,6.708093182251542164e-01
-5.567242385011406114e-01,-3.573157908237130087e-01,-2.924657143830227568e+00,-1.789832804338425731e+00,2.410828074822343459e-01,-1.359048921154914602e+00,1.279445438275791824e+00,0.000000000000000000e+00,3.290561479366635456e-02,2.430877266970084619e-02,9.183314304606506051e-02,6.820901915835315965e-02,1.592767468205888090e-02,3.661219407646022772e-02,2.322962502365197301e-01,2.461917119814287930e-02,6.704973005936591957e-01
-5.567242385011406114e-01,-3.562894085395971189e-01,-2.923716781649320584e+00,-1.787046605205985017e+00,2.432175308330146168e-01,-1.358626543806027875e+00,1.280539464851596421e+00,0.000000000000000000e+00,2.914097235732494157e-02,3.156938620028670178e-02,8.969065491623152975e-02,6.374300620120955385e-02,1.673755549341688839e-02,3.585988851921566994e-02,2.334271392731888939e-01,2.371866613394824075e-02,6.704500039947389745e-01
-5.567242385011406114e-01,-3.554648938661086888e-01,-2.922780147893939695e+00,-1.784413271520114641e+00,2.449089543755944010e-01,-1.358135456901017335e+00,1.281499401266515514e+00,0.000000000000000000e+00,2.268818713152258998e-02,3.059375169909838918e-02,9.021255958848141410e-02,5.104842468696638158e-02,1.350487428333230384e-02,2.917052720364101542e-02,2.347927706515203217e-01,2.268420985643512106e-02,6.713347388510749747e-01
-5.567242385011406114e-01,-3.543980315334227527e-01,-2.921255488169868908e+00,-1.780910682054442695e+00,2.470531985272716724e-01,-1.357558083576687835e+00,1.282582908356014295e+00,0.000000000000000000e+00,2.214799403272443845e-02,3.511267209636668996e-02,8.697138435093569597e-02,5.366445198694042018e-02,1.295810754589032249e-02,2.607992043622565578e-02,2.360405861749703127e-01,2.179797656983494675e-02,6.714815759219110447e-01
-5.567242385011406114e-01,-3.536374327260958239e-01,-2.919851735959288597e+00,-1.778399853778715567e+00,2.485562533569987687e-01,-1.357200154726180941e+00,1.283411417771137764e+00,0.000000000000000000e+00,1.890682295636792604e-02,5.236130484772659466e-02,7.832826980303006503e-02,4.288140844056125695e-02,1.215438633485042309e-02,2.320484870537636857e-02,2.370227782144352091e-01,2.083828727341154041e-02,6.712715063876757426e-01
-5.567242385011406114e-01,-3.529796319368463386e-01,-2.918241056132008460e+00,-1.775993421417719986e+00,2.497473022202662540e-01,-1.356888564878642178e+00,1.284063093289880220e+00,0.000000000000000000e+00,1.888766692187077156e-02,5.293910677454371355e-02,7.866722363076990299e-02,3.858201366030494794e-02,8.643118709094833180e-03,1.834801893885824181e-02,2.381554220086491425e-01,1.984763560512175715e-02,6.718753908572941969e-01
-5.567242385011406114e-01,-3.522035867951975874e-01,-2.915822373229998377e+00,-1.773093238990623099e+00,2.513683184415270722e-01,-1.356501341256144855e+00,1.284841268960401406e+00,0.000000000000000000e+00,1.242448392454680028e-02,6.617388138758503735e-02,7.022534419273337991e-02,3.376218518818210890e-02,1.035429957801162204e-02,2.106760367393893316e-02,2.391094164932371924e-01,1.874152742355714510e-02,6.721495018947608591e-01
-5.567242385011406114e-01,-3.517348704433436168e-01,-2.913693708570698426e+00,-1.771022897559196174e+00,2.525060874382361598e-01,-1.356183359821988788e+00,1.285425433345510182e+00,0.000000000000000000e+00,1.782643259758242074e-02,7.340604070639908385e-02,6.698417311637686056e-02,3.861834084204930628e-02,1.035429957801162204e-02,1.647594568939783968e-02,2.401300971487254077e-01,1.761015685459149660e-02,6.726403254802042486e-01
-5.567242385011406114e-01,-3.512565667115641332e-01,-2.911320565723328979e+00,-1.769160815325012237e+00,2.533888920500838027e-01,-1.355904793171966993e+00,1.285882032314404455e+00,0.000000000000000000e+00,1.564978110439022019e-02,8.094714751760832827e-02,5.912568408225742783e-02,2.322838231091534089e-02,8.072843853397747987e-03,1.404506842242775680e-02,2.410926182249303606e-01,1.638683563708153226e-02,6.734092982828031593e-01
-5.567242385011406114e-01,-3.507734692898250017e-01,-2.908028099667663735e+00,-1.766949858988028588e+00,2.544838507322698673e-01,-1.355575626461233085e+00,1.286365262894199279e+00,0.000000000000000000e+00,1.404506842242775680e-02,8.535080089335203568e-02,5.293910677454371355e-02,3.310143619638204054e-02,8.214725841066321602e-03,1.125406103586250317e-02,2.418473872608478403e-01,1.512651460813791912e-02,6.739169098740366293e-01
-5.567242385011406114e-01,-3.503851804028919048e-01,-2.905289038486517317e+00,-1.765478196169651071e+00,2.552867438666583388e-01,-1.355333811434253910e+00,1.286760076525803598e+00,0.000000000000000000e+00,1.026370424727309112e-02,9.048265405728589394e-02,5.023812879698535266e-02,2.995044225124912987e-02,9.903574127677922112e-03,1.404506842242775680e-02,2.421021037438852719e-01,1.399584370586455691e-02,6.726042550508948281e-01
-5.567242385011406114e-01,-3.500821126708402176e-01,-2.902452771925582820e+00,-1.764179638822128915e+00,2.559907172113071727e-01,-1.355171358607758947e+00,1.287139576981139788e+00,0.000000000000000000e+00,1.349119021263741995e-02,9.723509067880338474e-02,4.213520734787786631e-02,2.214799403272443845e-02,3.510695982388793452e-03,1.391397639836320678e-02,2.426142890684233611e-01,1.306478426355734031e-02,6.720508457142915226e-01
-5.567247711333580540e-01,-3.495670573160190031e-01,-2.898541387232583588e+00,-1.762584937961388931e+00,2.568193098502148941e-01,-1.354881074048940093e+00,1.287996715377981882e+00,-5.294976112564178869e-06,1.080389942666584377e-02,9.669489341881602751e-02,4.105481698909236449e-02,2.407377159004197437e-02,8.212682697167525761e-03,3.079111274181927510e-02,2.442265426588136612e-01,1.219774992082272962e-02,6.740109680230614853e-01
-5.567247711333580540e-01,-3.491516041859661357e-01,-2.895572228933254610e+00,-1.761590513610353348e+00,2.574014935092630019e-01,-1.354599311605610090e+00,1.289303927999047250e+00,-5.302989144751831836e-06,1.350487428333230384e-02,9.399392376363607804e-02,2.700974856666460769e-02,1.917692158636160119e-02,1.105993115655793703e-02,6.178965244304209653e-02,2.442182896383713053e-01,1.138775611870010418e-02,6.718589954999095726e-01
-5.567247711333580540e-01,-3.487100520772310475e-01,-2.892756735028822579e+00,-1.760728714681603968e+00,2.578704928219827663e-01,-1.354078397296389902e+00,1.291675472949762815e+00,-5.307004550104820284e-06,1.566565396060601301e-02,1.001046384309853682e-01,2.646955338727185678e-02,1.296467910393955120e-02,2.971072238303376981e-02,9.345372650364872080e-02,2.452696205140641184e-01,1.049274956017482580e-02,6.727024887810151288e-01
-5.567247711333580540e-01,-3.480975250265130327e-01,-2.889017124226132882e+00,-1.759881296822740637e+00,2.584945546891724288e-01,-1.352528437541963946e+00,1.296276882681201670e+00,0.000000000000000000e+00,1.242448392454680028e-02,9.264343477485689760e-02,1.955994032716924097e-02,1.464738599543580905e-02,4.429598806544887690e-02,1.320776683063656087e-01,2.467697897985486055e-01,9.433248628488521623e-03,6.743143350158841143e-01
-5.567247711333580540e-01,-3.477284108994274092e-01,-2.886390981075205975e+00,-1.759239475000031305e+00,2.589159832869206701e-01,-1.351276751829627365e+00,1.300766173330748066e+00,0.000000000000000000e+00,8.643119229243484761e-03,8.264983123817208621e-02,2.307069820724743509e-02,1.688109259409105445e-02,4.463678530000575462e-02,1.553060506172809496e-01,2.477927456401832762e-01,8.455549296630650302e-03,6.748111846294364558e-01
-5.567247711333580540e-01,-3.473172188271202998e-01,-2.883966971851015693e+00,-1.758627480581531621e+00,2.593935380046422656e-01,-1.349907354397108072e+00,1.305419914177607277e+00,0.000000000000000000e+00,1.403083819564994623e-02,8.021894772941819129e-02,1.944701813576067695e-02,1.255953219924633817e-02,3.858201366030494794e-02,1.534153726908928095e-01,2.480449690221244452e-01,7.339427372419055594e-03,6.728169560234633639e-01
-5.567247711333580540e-01,-3.467707381714362214e-01,-2.881028706220331248e+00,-1.757952635561305321e+00,2.598910664305395524e-01,-1.348302000892008579e+00,1.311442652982821366e+00,0.000000000000000000e+00,1.503195373892435641e-02,6.752437037636421779e-02,1.252662759562164774e-02,9.360214363896099399e-03,3.761526953984937333e-02,1.380198131990912902e-01,2.494155403190541076e-01,6.182836230727187937e-03,6.732529051669771114e-01
-5.567247711333580540e-01,-3.463547524091659113e-01,-2.879062494387525817e+00,-1.757517475039186650e+00,2.601117759058798606e-01,-1.347337403945181755e+00,1.315463759912732122e+00,0.000000000000000000e+00,1.782643259758242074e-02,6.050183512485304144e-02,1.404303360090736891e-02,9.633476537981546656e-03,3.835384317272320237e-02,1.311343766482595263e-01,2.511381343531681742e-01,5.292490397247651829e-03,6.748961709339648118e-01
-5.567242385011406114e-01,-3.459339729569324007e-01,-2.877311998603016452e+00,-1.757173927258565804e+00,2.603943040080236027e-01,-1.346289716372345069e+00,1.319034126828146691e+00,5.307004550104820284e-06,1.202556215890164537e-02,5.455969023212736690e-02,9.723509067880338474e-03,1.062383332657095870e-02,3.403228173758118119e-02,1.177625033345387762e-01,2.515591638993473489e-01,4.213812688965245905e-03,6.731264855999835595e-01
-5.567242385011406114e-01,-3.455387598511654446e-01,-2.875216623457342635e+00,-1.756699884584532079e+00,2.607786314428356955e-01,-1.345176515036691001e+00,1.323237926608836768e+00,5.307004550104820284e-06,8.526127394794144956e-03,5.212881088456268464e-02,1.349119021263741995e-02,8.160592410572606661e-03,2.357223593894200442e-02,9.443833044816464517e-02,2.529240831171613024e-01,3.284076435792533059e-03,6.738160273491257124e-01
-5.567242385011406114e-01,-3.452420837057301739e-01,-2.873716997447519184e+00,-1.756449014809846609e+00,2.609755555606901867e-01,-1.344369044594179385e+00,1.326094699510164787e+00,5.307004550104820284e-06,1.241189528690967055e-02,4.753715498061618361e-02,6.122209432374608323e-03,9.128831438249449329e-03,2.806167639129989247e-02,9.264343477485689760e-02,2.544992090094176929e-01,2.343007325520746892e-03,6.748157120738976777e-01
-5.567242385011406114e-01,-3.449272980648832032e-01,-2.872236546197543650e+00,-1.756188025023018184e+00,2.612143412419294375e-01,-1.343684079561811018e+00,1.328551865089926398e+00,0.000000000000000000e+00,1.672907603011796959e-02,4.589062650835028234e-02,6.482339551969775598e-03,7.546354070794545482e-03,2.050660879031374409e-02,8.425820576663341221e-02,2.549139197195593454e-01,1.457551552988522233e-03,6.733161752490957053e-01
-5.567242385011406114e-01,-3.443989269046117130e-01,-2.870241838541074397e+00,-1.755815182470406910e+00,2.614616823281705749e-01,-1.342952775526475406e+00,1.331528480240308010e+00,0.000000000000000000e+00,8.024590703396875316e-03,5.509988333092551843e-02,9.723509067880338474e-03,4.575146905931253179e-03,1.782643259758242074e-02,6.077193375484671312e-02,2.557405365567176347e-01,7.005084705699334653e-04,6.732565878420398997e-01
-5.567242385011406114e-01,-3.441049139202672080e-01,-2.868754196756156283e+00,-1.755512114738356111e+00,2.616224540342272920e-01,-1.342370608512184482e+00,1.333531976328374613e+00,0.000000000000000000e+00,1.203688579502098718e-02,4.780725361060986223e-02,1.404303360090736891e-02,3.905443034965788273e-03,1.955994032716924097e-02,5.888125166726938808e-02,2.573535556052509721e-01,-2.361472569941346327e-04,6.749199210780133518e-01
-5.567242385011406114e-01,-3.437613661396463627e-01,-2.867264957074584064e+00,-1.755098792137176567e+00,2.617632353873515783e-01,-1.341775125692442394e+00,1.335367027477493584e+00,0.000000000000000000e+00,1.403083819564994623e-02,5.212881088456268464e-02,1.454457029230463855e-02,5.732484415017283924e-03,1.620584809970146423e-02,6.093673765324138930e-02,2.582992982546694072e-01,-1.066047791247955916e-03,6.749957281395785325e-01
-5.567237058689222806e-01,-3.434471131310168346e-01,-2.865175174567198724e+00,-1.754381869171727004e+00,2.620181831274562279e-01,-1.341140228088567810e+00,1.337469460000056731e+00,5.298979326933172992e-06,9.723509067880338474e-03,5.023812879698535266e-02,2.555432062796329784e-02,6.958824844066188210e-03,1.141103981796046281e-02,5.504405681657473931e-02,2.586333517297179085e-01,-1.912081161923984141e-03,6.735503066110146708e-01
-5.567237058689222806e-01,-3.432905192589199572e-01,-2.863534134703491940e+00,-1.753745906303415758e+00,2.623340173879827875e-01,-1.340829170873246490e+00,1.338816486879418788e+00,5.302989144751831836e-06,1.800041243831890280e-03,5.482978886212105246e-02,2.555432062796329784e-02,1.209345612194185487e-02,1.066304733332507429e-02,4.645676462183068178e-02,2.594054406450873040e-01,-2.824288252988662023e-03,6.734986967765951293e-01
-5.567237058689222806e-01,-3.432644202802368483e-01,-2.861775649435712499e+00,-1.752954414827444296e+00,2.628268020581883690e-01,-1.340405728259923990e+00,1.340163513758780844e+00,5.302989144751831836e-06,6.416800822018607110e-04,5.780086130848387932e-02,3.025091756242652072e-02,2.329952824331789005e-02,1.534438518697998563e-02,3.514067273851535084e-02,2.601288105029646025e-01,-3.646962940381674127e-03,6.733111513477224586e-01
-5.567237058689222806e-01,-3.432271360249767866e-01,-2.859261625366677606e+00,-1.751751731279164837e+00,2.640815670505360369e-01,-1.339939675069159897e+00,1.341675123993509855e+00,0.000000000000000000e+00,1.457209707903277772e-03,6.482339239880585691e-02,3.507709392867891518e-02,3.673325555395034331e-02,1.221752717952321980e-02,3.861834084204930628e-02,2.611178799071935952e-01,-4.383281511132616423e-03,6.743317243035782393e-01
-5.567237058689222806e-01,-3.431621548943777356e-01,-2.857266917710208798e+00,-1.750667292083284643e+00,2.652868804703922834e-01,-1.339610508358425989e+00,1.342669282028436495e+00,0.000000000000000000e+00,3.510458014381232471e-03,6.752437037636421779e-02,4.429598806544887690e-02,4.051461972910500725e-02,7.897347259196680486e-03,3.079111274181927510e-02,2.616986692419402405e-01,-5.047637333258422378e-03,6.738804377954088487e-01
-5.567237058689222806e-01,-3.429464388460816693e-01,-2.855116947762187607e+00,-1.749321863100576024e+00,2.664217865689295084e-01,-1.339366030170356936e+00,1.343634811081644731e+00,0.000000000000000000e+00,6.209093502492491791e-03,7.184592765031704020e-02,4.429598806544887690e-02,3.750550985223528172e-02,8.610070544442632520e-03,3.291850615781801576e-02,2.618352549979197086e-01,-5.560121784762387352e-03,6.730341533339796456e-01
-5.567237058689222806e-01,-3.426827858981642549e-01,-2.852137935766824839e+00,-1.747381483930344537e+00,2.675681109706404825e-01,-1.338969751800153318e+00,1.344692751824678734e+00,0.000000000000000000e+00,1.053227572082917653e-02,7.773822149638778822e-02,4.710012192335577552e-02,2.998081893243284210e-02,1.000660413205306347e-02,2.214799403272443845e-02,2.625395851042315876e-01,-6.050588909158608614e-03,6.730550696411427003e-01
-5.567237058689222806e-01,-3.425261920260673776e-01,-2.849985036341605049e+00,-1.745918875859673314e+00,2.685270320553939660e-01,-1.338581462913219333e+00,1.345409008999855605e+00,0.000000000000000000e+00,2.553060445024802824e-03,7.697778081425088459e-02,4.587004942774021432e-02,3.183921019179296319e-02,1.728623845848696952e-02,2.214799403272443845e-02,2.635548295874395319e-01,-6.526416023897819649e-03,6.739386204546884418e-01
