-5.567237058689222806e-01,-4.110338805394837536e-01,-2.997767041023409629e+00,-1.914078590254437273e+00,1.160583715201322919e-01,-1.395320109937356889e+00,1.274532971329031650e+00,0.000000000000000000e+00,0.000000000000000000e+00,0.000000000000000000e+00,0.000000000000000000e+00,0.000000000000000000e+00,0.000000000000000000e+00,0.000000000000000000e+00,1.273778965247546191e-01,1.997148573014850270e-01,6.256403667329865081e-01
-5.567237058689222806e-01,-4.110338805394837536e-01,-2.997767041023409629e+00,-1.914078590254437273e+00,1.160583715201322919e-01,-1.395320109937356889e+00,1.274532971329031650e+00,0.000000000000000000e+00,0.000000000000000000e+00,0.000000000000000000e+00,0.000000000000000000e+00,0.000000000000000000e+00,0.000000000000000000e+00,0.000000000000000000e+00,1.273146266134825566e-01,1.996369230939520345e-01,6.253791334379151801e-01
-5.567237058689222806e-01,-4.110338805394837536e-01,-2.997767041023409629e+00,-1.914078590254437273e+00,1.160583715201322919e-01,-1.395320109937356889e+00,1.274533903435413285e+00,0.000000000000000000e+00,0.000000000000000000e+00,0.000000000000000000e+00,0.000000000000000000e+00,0.000000000000000000e+00,0.000000000000000000e+00,1.058995222512835774e-05,1.272388426720962862e-01,1.995690455739277669e-01,6.251651306470324965e-01
-5.567237058689222806e-01,-4.110338805394837536e-01,-2.997767041023409629e+00,-1.914078590254437273e+00,1.160583715201322919e-01,-1.395320109937356889e+00,1.274533903435413285e+00,0.000000000000000000e+00,0.000000000000000000e+00,0.000000000000000000e+00,0.000000000000000000e+00,0.000000000000000000e+00,0.000000000000000000e+00,1.058995222512835774e-05,1.271921993448653365e-01,1.994627521817998461e-01,6.249940879336781663e-01
-5.567237058689222806e-01,-4.110338805394837536e-01,-2.997767041023409629e+00,-1.914078590254437273e+00,1.160583715201322919e-01,-1.395320109937356889e+00,1.274533903435413285e+00,0.000000000000000000e+00,0.000000000000000000e+00,0.000000000000000000e+00,0.000000000000000000e+00,0.000000000000000000e+00,0.000000000000000000e+00,1.058995222512835774e-05,1.271523614289397919e-01,1.994073767033689992e-01,6.249012836597338527e-01
-5.567237058689222806e-01,-4.110338805394837536e-01,-2.997767041023409629e+00,-1.914078590254437273e+00,1.160583715201322919e-01,-1.395320109937356889e+00,1.274532971329031650e+00,0.000000000000000000e+00,0.000000000000000000e+00,0.000000000000000000e+00,0.000000000000000000e+00,0.000000000000000000e+00,0.000000000000000000e+00,-1.060597828950366367e-05,1.272489876524943719e-01,1.995321961312911951e-01,6.253422133801004312e-01
-5.567237058689222806e-01,-4.110333479072654228e-01,-2.997767041023409629e+00,-1.914078590254437273e+00,1.160583715201322919e-01,-1.395319044672921116e+00,1.274532971329031650e+00,0.000000000000000000e+00,5.299032154530480604e-06,0.000000000000000000e+00,0.000000000000000000e+00,0.000000000000000000e+00,1.058995222512835774e-05,-1.060597828950366367e-05,1.270040377610370808e-01,1.991357599797966837e-01,6.241603907349609903e-01
-5.567237058689222806e-01,-4.110328152750470920e-01,-2.997767041023409629e+00,-1.914078590254437273e+00,1.160583715201322919e-01,-1.395319044672921116e+00,1.274532971329031650e+00,0.000000000000000000e+00,1.060597828950366367e-05,0.000000000000000000e+00,0.000000000000000000e+00,0.000000000000000000e+00,1.058995222512835774e-05,-1.061400910020964057e-05,1.267867811504274356e-01,1.987763821315581270e-01,6.233711168611779652e-01
-5.567237058689222806e-01,-4.110333479072654228e-01,-2.997767041023409629e+00,-1.914078590254437273e+00,1.160583715201322919e-01,-1.395320109937356889e+00,1.274532971329031650e+00,0.000000000000000000e+00,5.302989144751831836e-06,0.000000000000000000e+00,0.000000000000000000e+00,0.000000000000000000e+00,0.000000000000000000e+00,0.000000000000000000e+00,1.262558295142571230e-01,1.980365876799394520e-01,6.214655387428315025e-01
-5.567237058689222806e-01,-4.110333479072654228e-01,-2.997767041023409629e+00,-1.914078590254437273e+00,1.160583715201322919e-01,-1.395320109937356889e+00,1.274532971329031650e+00,0.000000000000000000e+00,0.000000000000000000e+00,0.000000000000000000e+00,0.000000000000000000e+00,0.000000000000000000e+00,-1.060597828950366367e-05,0.000000000000000000e+00,1.267927902358531866e-01,1.990828001432528860e-01,6.249686235396921807e-01
-5.567237058689222806e-01,-4.110328152750470920e-01,-2.997767041023409629e+00,-1.914078590254437273e+00,1.160583715201322919e-01,-1.395320109937356889e+00,1.274533903435413285e+00,0.000000000000000000e+00,0.000000000000000000e+00,0.000000000000000000e+00,0.000000000000000000e+00,0.000000000000000000e+00,-1.059795865386634598e-05,1.058995222512835774e-05,1.267784044185541470e-01,1.991482148458715296e-01,6.250022271953507014e-01
-5.567237058689222806e-01,-4.110328152750470920e-01,-2.997767041023409629e+00,-1.914078590254437273e+00,1.160583715201322919e-01,-1.395320109937356889e+00,1.274533903435413285e+00,0.000000000000000000e+00,5.294976112564178869e-06,0.000000000000000000e+00,0.000000000000000000e+00,0.000000000000000000e+00,0.000000000000000000e+00,1.060597828950366367e-05,1.259960297227863679e-01,1.978891760851532455e-01,6.209049454346886598e-01
-5.567237058689222806e-01,-4.110333479072654228e-01,-2.997767041023409629e+00,-1.914078590254437273e+00,1.160583715201322919e-01,-1.395320109937356889e+00,1.274533903435413285e+00,0.000000000000000000e+00,0.000000000000000000e+00,0.000000000000000000e+00,0.000000000000000000e+00,0.000000000000000000e+00,0.000000000000000000e+00,1.060597828950366367e-05,1.262959362548202458e-01,1.984781604990076553e-01,6.226589469343246641e-01
-5.567237058689222806e-01,-4.110333479072654228e-01,-2.997767041023409629e+00,-1.914078590254437273e+00,1.160583715201322919e-01,-1.395320109937356889e+00,1.274533903435413285e+00,0.000000000000000000e+00,-5.294976112564178869e-06,0.000000000000000000e+00,0.000000000000000000e+00,0.000000000000000000e+00,0.000000000000000000e+00,0.000000000000000000e+00,1.262664794470740315e-01,1.982579252085824029e-01,6.214763921995979379e-01
-5.567237058689222806e-01,-4.110328152750470920e-01,-2.997767041023409629e+00,-1.914078590254437273e+00,1.160583715201322919e-01,-1.395320109937356889e+00,1.274533903435413285e+00,0.000000000000000000e+00,0.000000000000000000e+00,0.000000000000000000e+00,0.000000000000000000e+00,0.000000000000000000e+00,0.000000000000000000e+00,0.000000000000000000e+00,1.269501849301134799e-01,1.991975274660257589e-01,6.239989329812378749e-01
-5.567237058689222806e-01,-4.110328152750470920e-01,-2.997767041023409629e+00,-1.914078590254437273e+00,1.160583715201322919e-01,-1.395320109937356889e+00,1.274533903435413285e+00,0.000000000000000000e+00,5.306951722507513519e-06,0.000000000000000000e+00,0.000000000000000000e+00,0.000000000000000000e+00,0.000000000000000000e+00,0.000000000000000000e+00,1.274709189159768663e-01,1.999618444707580989e-01,6.259871689987930310e-01
-5.567237058689222806e-01,-4.110328152750470920e-01,-2.997767041023409629e+00,-1.914078590254437273e+00,1.160583715201322919e-01,-1.395320109937356889e+00,1.274533903435413285e+00,0.000000000000000000e+00,5.307004550104820284e-06,0.000000000000000000e+00,0.000000000000000000e+00,0.000000000000000000e+00,0.000000000000000000e+00,0.000000000000000000e+00,1.274742165578946484e-01,1.998877822722785191e-01,6.255858407462923099e-01
-5.567237058689222806e-01,-4.110328152750470920e-01,-2.997767041023409629e+00,-1.914078590254437273e+00,1.160583715201322919e-01,-1.395320109937356889e+00,1.274532971329031650e+00,0.000000000000000000e+00,0.000000000000000000e+00,0.000000000000000000e+00,0.000000000000000000e+00,0.000000000000000000e+00,0.000000000000000000e+00,-1.059785299867173415e-05,1.274787757274675193e-01,1.998577372889467074e-01,6.255034813433921759e-01
-5.567237058689222806e-01,-4.110328152750470920e-01,-2.997767041023409629e+00,-1.914078590254437273e+00,1.160583715201322919e-01,-1.395320109937356889e+00,1.274532971329031650e+00,0.000000000000000000e+00,0.000000000000000000e+00,0.000000000000000000e+00,0.000000000000000000e+00,0.000000000000000000e+00,0.000000000000000000e+00,-1.059795865386634598e-05,1.274813940023004910e-01,2.000239464887750562e-01,6.258902026799980645e-01
-5.567237058689222806e-01,-4.110328152750470920e-01,-2.997767041023409629e+00,-1.914078590254437273e+00,1.160583715201322919e-01,-1.395320109937356889e+00,1.274532971329031650e+00,0.000000000000000000e+00,0.000000000000000000e+00,0.000000000000000000e+00,0.000000000000000000e+00,0.000000000000000000e+00,0.000000000000000000e+00,-1.058206161073831050e-05,1.274222669069654257e-01,1.999231216722819893e-01,6.257459954315699457e-01
-5.567237058689222806e-01,-4.110333479072654228e-01,-2.997768372603954568e+00,-1.914075660777237786e+00,1.160488590416136612e-01,-1.395319044672921116e+00,1.274533903435413285e+00,0.000000000000000000e+00,-5.294976112564178869e-06,-1.324744857131176880e-05,2.916673008598375970e-05,-9.545380358961764132e-05,1.060608394469827720e-05,1.058195697145903039e-05,1.275417289712975355e-01,1.998598146584761870e-01,6.259223503036317471e-01
-5.567237058689222806e-01,-4.110333479072654228e-01,-2.997769970500608672e+00,-1.914075660777237786e+00,1.158957023117988816e-01,-1.395319044672921116e+00,1.274533903435413285e+00,0.000000000000000000e+00,-5.306951722507513519e-06,-2.918852553353417658e-05,2.916643953419857291e-05,-9.740062278530862289e-03,1.061400910020964057e-05,1.058995222512835774e-05,1.275955655967991598e-01,1.997394430769454665e-01,6.261317269673256636e-01
-5.567237058689222806e-01,-4.110333479072654228e-01,-2.997768372603954568e+00,-1.914076193409456117e+00,1.154657099866703840e-01,-1.395320109937356889e+00,1.274533903435413285e+00,0.000000000000000000e+00,-5.307004550104820284e-06,-1.327743331236008033e-05,2.386321317321652438e-05,-1.688109259409105445e-02,0.000000000000000000e+00,1.060587263430904845e-05,1.276760705897581061e-01,1.997265423640898208e-01,6.263075849336340317e-01
-5.567237058689222806e-01,-4.110328152750470920e-01,-2.997768106287845846e+00,-1.914075660777237786e+00,1.149700790630498182e-01,-1.395320109937356889e+00,1.274533903435413285e+00,0.000000000000000000e+00,5.307004550104820284e-06,2.653502275052410142e-06,0.000000000000000000e+00,-1.295810754589032249e-02,-1.059795865386634598e-05,0.000000000000000000e+00,1.279831134171844076e-01,1.997708736926880890e-01,6.272338414420369768e-01
-5.567237058689222806e-01,-4.110317500106122068e-01,-2.997769970500608672e+00,-1.914076193409456117e+00,1.143878787592448598e-01,-1.395319044672921116e+00,1.274533903435413285e+00,0.000000000000000000e+00,1.589709595563377595e-05,0.000000000000000000e+00,-5.302989144751831836e-06,-1.625464532519066418e-02,0.000000000000000000e+00,0.000000000000000000e+00,1.279950357466901611e-01,1.990515565280503163e-01,6.255676916745905869e-01
-5.567231732367048380e-01,-4.110322826428296494e-01,-2.997769437868391229e+00,-1.914076726041674448e+00,1.140653865959930929e-01,-1.395322773098447655e+00,1.274533903435413285e+00,5.302936317154524225e-06,1.060597828950366367e-05,-1.059005686440763954e-05,-5.302989144751831836e-06,-8.013988513455645724e-03,-2.645489242864757344e-05,0.000000000000000000e+00,1.283341258272776009e-01,1.992142885194113644e-01,6.261013308204330663e-01
-5.567237058689222806e-01,-4.110317500106122068e-01,-2.997768372603954568e+00,-1.914076726041674448e+00,1.137428944327412983e-01,-1.395323838362883428e+00,1.274533903435413285e+00,0.000000000000000000e+00,1.058995222512835774e-05,-2.647488056282089435e-06,-1.060587263430904845e-05,-1.156765865719234197e-02,-3.709285681240521532e-05,0.000000000000000000e+00,1.287368695003698604e-01,1.993914795365386572e-01,6.268469931109218463e-01
-5.567237058689222806e-01,-4.110285542173031104e-01,-2.997768372603954568e+00,-1.914076726041674448e+00,1.133404907920303184e-01,-1.395322240466230213e+00,1.274532971329031650e+00,0.000000000000000000e+00,3.181761891884247708e-05,1.059005686440763954e-05,-5.307004550104820284e-06,-9.392163974598643356e-03,-3.181793588442632275e-05,-1.059005686440763954e-05,1.289750913126235243e-01,1.997161330343696084e-01,6.273495280467675794e-01
-5.567237058689222806e-01,-4.110296194817397719e-01,-2.997768905236172898e+00,-1.914076193409456117e+00,1.130237077803653983e-01,-1.395321175201793551e+00,1.274532971329031650e+00,0.000000000000000000e+00,2.651468107781495865e-05,5.302989144751831836e-06,5.294923284966872105e-06,-1.255316662006266716e-02,1.592101365031445916e-05,-1.059005686440763954e-05,1.289167870519139503e-01,1.996556719828225246e-01,6.268404944041013893e-01
-5.567237058689222806e-01,-4.110296194817397719e-01,-2.997768905236172898e+00,-1.914076193409456117e+00,1.127525813366385410e-01,-1.395321175201793551e+00,1.274533903435413285e+00,0.000000000000000000e+00,2.124410623562988704e-05,-5.302989144751831836e-06,5.294976112564178869e-06,-7.393237392425850915e-03,2.647487954690556092e-05,0.000000000000000000e+00,1.289407176927953591e-01,1.995463776512330645e-01,6.266711105946398686e-01
-5.567237058689222806e-01,-4.110285542173031104e-01,-2.997768372603954568e+00,-1.914076726041674448e+00,1.124595836824593686e-01,-1.395321175201793551e+00,1.274533903435413285e+00,0.000000000000000000e+00,0.000000000000000000e+00,0.000000000000000000e+00,0.000000000000000000e+00,-8.774830750350666106e-03,1.058984656993374421e-05,1.059785299867173415e-05,1.290259748890499325e-01,1.994346573667142575e-01,6.265810458558307428e-01
-5.567237058689222806e-01,-4.110285542173031104e-01,-2.997768106287845846e+00,-1.914076726041674448e+00,1.122388825294974579e-01,-1.395321175201793551e+00,1.274533903435413285e+00,0.000000000000000000e+00,1.062205311781494352e-05,7.948468736420926555e-06,-5.307057377702127048e-06,-7.233671390940771620e-03,0.000000000000000000e+00,1.060587263430904845e-05,1.294054694833892682e-01,1.994059735764428520e-01,6.281568081937457526e-01
-5.567237058689222806e-01,-4.110285542173031104e-01,-2.997768372603954568e+00,-1.914076726041674448e+00,1.120628891933352633e-01,-1.395321175201793551e+00,1.274533903435413285e+00,0.000000000000000000e+00,1.059785299867173415e-05,5.298979326933172992e-06,-5.307004550104820284e-06,-5.318875732079262481e-03,0.000000000000000000e+00,0.000000000000000000e+00,1.289507989929368492e-01,1.975510573986269391e-01,6.263205749369182840e-01
-5.567237058689222806e-01,-4.110285542173031104e-01,-2.997768905236172898e+00,-1.914076726041674448e+00,1.118840412813796314e-01,-1.395321175201793551e+00,1.274533903435413285e+00,0.000000000000000000e+00,0.000000000000000000e+00,-5.299032154530480604e-06,0.000000000000000000e+00,-3.894286886711877810e-03,0.000000000000000000e+00,0.000000000000000000e+00,1.294008537098283174e-01,1.962091898690490333e-01,6.287319371145360103e-01
-5.567237058689222806e-01,-4.110285542173031104e-01,-2.997768372603954568e+00,-1.914076726041674448e+00,1.117422945323601619e-01,-1.395322240466230213e+00,1.274533903435413285e+00,0.000000000000000000e+00,0.000000000000000000e+00,-2.653502275052410142e-06,0.000000000000000000e+00,-5.002477630415638060e-03,-1.060597828950366367e-05,0.000000000000000000e+00,1.295301391479132536e-01,1.930945522384413804e-01,6.290940860829760117e-01
-5.567237058689222806e-01,-4.110285542173031104e-01,-2.997768372603954568e+00,-1.914076726041674448e+00,1.116081627595826437e-01,-1.395321175201793551e+00,1.274532971329031650e+00,0.000000000000000000e+00,0.000000000000000000e+00,0.000000000000000000e+00,0.000000000000000000e+00,-5.553806071521682347e-03,0.000000000000000000e+00,-1.060597828950366367e-05,1.293430893195740283e-01,1.890838419519132174e-01,6.275812801586776457e-01
-5.567237058689222806e-01,-4.110285542173031104e-01,-2.997768905236172898e+00,-1.914076193409456117e+00,1.113922136846908217e-01,-1.395321175201793551e+00,1.274533903435413285e+00,0.000000000000000000e+00,0.000000000000000000e+00,0.000000000000000000e+00,5.298979326933172992e-06,-3.332839733835158639e-03,0.000000000000000000e+00,0.000000000000000000e+00,1.293865891553462599e-01,1.852899298228797842e-01,6.264669070035639997e-01
-5.567237058689222806e-01,-4.110285542173031104e-01,-2.997768372603954568e+00,-1.914076726041674448e+00,1.113151567830250599e-01,-1.395321175201793551e+00,1.274533903435413285e+00,0.000000000000000000e+00,0.000000000000000000e+00,0.000000000000000000e+00,0.000000000000000000e+00,-2.760095732494594230e-03,1.058995222512835774e-05,0.000000000000000000e+00,1.300237722602984036e-01,1.823538853610680577e-01,6.276209193153650112e-01
-5.567237058689222806e-01,-4.110285542173031104e-01,-2.997768372603954568e+00,-1.914076726041674448e+00,1.112238353247705647e-01,-1.395321175201793551e+00,1.274533903435413285e+00,0.000000000000000000e+00,0.000000000000000000e+00,0.000000000000000000e+00,0.000000000000000000e+00,-2.671772671135361470e-03,0.000000000000000000e+00,1.058995222512835774e-05,1.299392384609605045e-01,1.786777948358676815e-01,6.254297121966095885e-01
-5.567237058689222806e-01,-4.110285542173031104e-01,-2.997768372603954568e+00,-1.914076726041674448e+00,1.111049251820985240e-01,-1.395321175201793551e+00,1.274533903435413285e+00,0.000000000000000000e+00,0.000000000000000000e+00,5.298926499335867074e-06,-5.307004550104820284e-06,-2.744982553382719400e-03,0.000000000000000000e+00,0.000000000000000000e+00,1.303648109020527079e-01,1.758133574755051387e-01,6.261322300410250286e-01
-5.567237058689222806e-01,-4.110285542173031104e-01,-2.997768372603954568e+00,-1.914076726041674448e+00,1.110326203585028787e-01,-1.395322240466230213e+00,1.274533903435413285e+00,0.000000000000000000e+00,0.000000000000000000e+00,0.000000000000000000e+00,0.000000000000000000e+00,-2.408438054191565456e-03,-1.060597828950366367e-05,0.000000000000000000e+00,1.305911743317796636e-01,1.726384952084493996e-01,6.256839761046458781e-01
-5.567237058689222806e-01,-4.110285542173031104e-01,-2.997768372603954568e+00,-1.914076726041674448e+00,1.109669817600108382e-01,-1.395322240466230213e+00,1.274533903435413285e+00,0.000000000000000000e+00,0.000000000000000000e+00,0.000000000000000000e+00,0.000000000000000000e+00,-2.328678200063968688e-03,-1.059005686440763954e-05,0.000000000000000000e+00,1.311553866540129121e-01,1.700379946355763672e-01,6.271928221564757600e-01
-5.567237058689222806e-01,-4.110280215850856678e-01,-2.997768372603954568e+00,-1.914076726041674448e+00,1.108518749442705675e-01,-1.395322240466230213e+00,1.274532971329031650e+00,0.000000000000000000e+00,5.307004550104820284e-06,0.000000000000000000e+00,0.000000000000000000e+00,-2.759866867088415100e-03,-1.058195697145903039e-05,-1.060597828950366367e-05,1.311362967289051717e-01,1.668211696162089086e-01,6.267704869985074589e-01
-5.567237058689222806e-01,-4.110285542173031104e-01,-2.997768372603954568e+00,-1.914076726041674448e+00,1.107700659645347030e-01,-1.395322240466230213e+00,1.274533903435413285e+00,0.000000000000000000e+00,0.000000000000000000e+00,0.000000000000000000e+00,0.000000000000000000e+00,-2.760254377832967784e-03,0.000000000000000000e+00,0.000000000000000000e+00,1.313700796458308340e-01,1.643078181698657547e-01,6.274900107694975082e-01
-5.567237058689222806e-01,-4.110285542173031104e-01,-2.997768372603954568e+00,-1.914076726041674448e+00,1.107015644678708138e-01,-1.395322240466230213e+00,1.274533903435413285e+00,0.000000000000000000e+00,0.000000000000000000e+00,0.000000000000000000e+00,0.000000000000000000e+00,-1.771907963777375481e-03,0.000000000000000000e+00,0.000000000000000000e+00,1.313406542214401451e-01,1.617389491226822740e-01,6.271138054099123504e-01
-5.567237058689222806e-01,-4.110285542173031104e-01,-2.997768372603954568e+00,-1.914076726041674448e+00,1.106673178807280750e-01,-1.395322240466230213e+00,1.274533903435413285e+00,0.000000000000000000e+00,-5.310973223352499129e-06,0.000000000000000000e+00,0.000000000000000000e+00,-7.862135276158788459e-04,0.000000000000000000e+00,1.058195697145903039e-05,1.317017797472004037e-01,1.597343860896483503e-01,6.286016322677321355e-01
-5.567237058689222806e-01,-4.110285542173031104e-01,-2.997768372603954568e+00,-1.914076726041674448e+00,1.106387804451721968e-01,-1.395322240466230213e+00,1.274533903435413285e+00,0.000000000000000000e+00,0.000000000000000000e+00,0.000000000000000000e+00,0.000000000000000000e+00,-9.157954951297175633e-04,0.000000000000000000e+00,0.000000000000000000e+00,1.315139747521243130e-01,1.571519905738441580e-01,6.275275215829666520e-01
-5.567237058689222806e-01,-4.110285542173031104e-01,-2.997768372603954568e+00,-1.914076726041674448e+00,1.106092942584779720e-01,-1.395322240466230213e+00,1.274533903435413285e+00,0.000000000000000000e+00,0.000000000000000000e+00,0.000000000000000000e+00,0.000000000000000000e+00,-9.943914516334492401e-04,0.000000000000000000e+00,0.000000000000000000e+00,1.315399595235261232e-01,1.546548279998440634e-01,6.269411829662643321e-01
-5.567237058689222806e-01,-4.110280215850856678e-01,-2.997768372603954568e+00,-1.914076726041674448e+00,1.105569714654363322e-01,-1.395322240466230213e+00,1.274532971329031650e+00,0.000000000000000000e+00,5.298979326933172992e-06,0.000000000000000000e+00,0.000000000000000000e+00,-1.229211779636308005e-03,-1.058206161073831050e-05,-1.061400910020964057e-05,1.315567388105797764e-01,1.523437355750447697e-01,6.264180723968609810e-01
-5.567237058689222806e-01,-4.110280215850856678e-01,-2.997768372603954568e+00,-1.914076726041674448e+00,1.105075032481881020e-01,-1.395322240466230213e+00,1.274533903435413285e+00,0.000000000000000000e+00,5.298979326933172992e-06,0.000000000000000000e+00,0.000000000000000000e+00,-1.836055036014382948e-03,0.000000000000000000e+00,0.000000000000000000e+00,1.315389485239680523e-01,1.497992078008989758e-01,6.254632718357285848e-01
-5.567237058689222806e-01,-4.110280215850856678e-01,-2.997768372603954568e+00,-1.914076726041674448e+00,1.104751541633220563e-01,-1.395322240466230213e+00,1.274533903435413285e+00,0.000000000000000000e+00,5.307004550104820284e-06,0.000000000000000000e+00,0.000000000000000000e+00,-1.020524630089990033e-03,0.000000000000000000e+00,0.000000000000000000e+00,1.318728404478061167e-01,1.475368649741704563e-01,6.260357933909547201e-01
-5.567237058689222806e-01,-4.110280215850856678e-01,-2.997768372603954568e+00,-1.914076726041674448e+00,1.104437621519727269e-01,-1.395322240466230213e+00,1.274533903435413285e+00,0.000000000000000000e+00,0.000000000000000000e+00,0.000000000000000000e+00,0.000000000000000000e+00,-7.944954644648073152e-04,0.000000000000000000e+00,1.058206161073831050e-05,1.321051099453168509e-01,1.450800838942876425e-01,6.261128849957680043e-01
-5.567237058689222806e-01,-4.110280215850856678e-01,-2.997768372603954568e+00,-1.914076726041674448e+00,1.104294975953840074e-01,-1.395322240466230213e+00,1.274533903435413285e+00,0.000000000000000000e+00,0.000000000000000000e+00,0.000000000000000000e+00,0.000000000000000000e+00,-6.147319608472962384e-04,0.000000000000000000e+00,0.000000000000000000e+00,1.326020199036685443e-01,1.428602792063292937e-01,6.271669594535586034e-01
-5.567237058689222806e-01,-4.110274889528682252e-01,-2.997768372603954568e+00,-1.914076726041674448e+00,1.104152247164168626e-01,-1.395322240466230213e+00,1.274533903435413285e+00,0.000000000000000000e+00,5.307004550104820284e-06,0.000000000000000000e+00,0.000000000000000000e+00,-4.922062323969947925e-04,0.000000000000000000e+00,0.000000000000000000e+00,1.328641514354696740e-01,1.405127871689977881e-01,6.269785411427982735e-01
-5.567237058689222806e-01,-4.110274889528682252e-01,-2.997768372603954568e+00,-1.914076726041674448e+00,1.103914393589310872e-01,-1.395322240466230213e+00,1.274533903435413285e+00,0.000000000000000000e+00,5.298979326933172992e-06,0.000000000000000000e+00,0.000000000000000000e+00,-5.696365032658759053e-04,0.000000000000000000e+00,0.000000000000000000e+00,1.327217419714457891e-01,1.377399117372720416e-01,6.249938396302171517e-01
-5.567237058689222806e-01,-4.110274889528682252e-01,-2.997768372603954568e+00,-1.914076726041674448e+00,1.103790723046190331e-01,-1.395321175201793551e+00,1.274533903435413285e+00,0.000000000000000000e+00,5.298979326933172992e-06,0.000000000000000000e+00,0.000000000000000000e+00,-5.096607956400910251e-04,1.061400910020964057e-05,0.000000000000000000e+00,1.333768120405345592e-01,1.359927466830296028e-01,6.266038780633701455e-01
-5.567237058689222806e-01,-4.110269563206490062e-01,-2.997768372603954568e+00,-1.914076726041674448e+00,1.103676623238237231e-01,-1.395320109937356889e+00,1.274533903435413285e+00,0.000000000000000000e+00,5.298979326933172992e-06,0.000000000000000000e+00,0.000000000000000000e+00,-4.117732734064818512e-04,2.121195657900732735e-05,0.000000000000000000e+00,1.336691697310580240e-01,1.341200774139164054e-01,6.263746032307558886e-01
-5.567237058689222806e-01,-4.110264236884315636e-01,-2.997768372603954568e+00,-1.914076726041674448e+00,1.103495861179248222e-01,-1.395320109937356889e+00,1.274533903435413285e+00,0.000000000000000000e+00,1.062194644670499826e-05,0.000000000000000000e+00,0.000000000000000000e+00,-4.072017519366439653e-04,2.121195657900732735e-05,0.000000000000000000e+00,1.332215069052766765e-01,1.317420301280254891e-01,6.230337521496621678e-01
-5.567237058689222806e-01,-4.110264236884315636e-01,-2.997768372603954568e+00,-1.914076193409456117e+00,1.103362703124744076e-01,-1.395320109937356889e+00,1.274533903435413285e+00,0.000000000000000000e+00,1.060597828950366367e-05,0.000000000000000000e+00,5.302989144751831836e-06,-4.325327636463865348e-04,1.058195697145903039e-05,0.000000000000000000e+00,1.332443394422353766e-01,1.299529109109945624e-01,6.220677662459820345e-01
-5.567237058689222806e-01,-4.110258910562141210e-01,-2.997768372603954568e+00,-1.914076193409456117e+00,1.103219974335072767e-01,-1.395319044672921116e+00,1.274534835541794697e+00,0.000000000000000000e+00,1.060597828950366367e-05,0.000000000000000000e+00,5.302989144751831836e-06,-4.782234338303247511e-04,1.058206161073831050e-05,1.060597828950366367e-05,1.340297384135791803e-01,1.289456092690960953e-01,6.248575813401096024e-01
-5.567237058689222806e-01,-4.110253584239949021e-01,-2.997768372603954568e+00,-1.914076193409456117e+00,1.103105791303335415e-01,-1.395319044672921116e+00,1.274534835541794697e+00,0.000000000000000000e+00,1.060597828950366367e-05,0.000000000000000000e+00,5.298979326933172992e-06,-3.845919954193728965e-04,1.058195697145903039e-05,1.058995222512835774e-05,1.342698993170275967e-01,1.275347809911052399e-01,6.254025761982178189e-01
-5.567237058689222806e-01,-4.110253584239949021e-01,-2.997768372603954568e+00,-1.914076193409456117e+00,1.103020237253316826e-01,-1.395319044672921116e+00,1.274534835541794697e+00,0.000000000000000000e+00,1.062194644670499826e-05,0.000000000000000000e+00,0.000000000000000000e+00,-3.414939411648025645e-04,1.060597828950366367e-05,1.058206161073831050e-05,1.346654866307711584e-01,1.261392508416494251e-01,6.265910989025967881e-01
-5.567237058689222806e-01,-4.110248257917774595e-01,-2.997768372603954568e+00,-1.914075660777237786e+00,1.102944087490897312e-01,-1.395317979408485343e+00,1.274534835541794697e+00,0.000000000000000000e+00,1.060597828950366367e-05,0.000000000000000000e+00,5.298979326933172992e-06,-2.757554416225872730e-04,1.060587263430904845e-05,0.000000000000000000e+00,1.346572907774252481e-01,1.242470853906053885e-01,6.257629049442602343e-01
-5.567237058689222806e-01,-4.110221626306875820e-01,-2.997768372603954568e+00,-1.914075128145020344e+00,1.102877508463645378e-01,-1.395311587821868926e+00,1.274534835541794697e+00,0.000000000000000000e+00,3.179387494568370622e-05,0.000000000000000000e+00,1.059795865386634598e-05,-2.280285357641170915e-04,7.412966760772917102e-05,0.000000000000000000e+00,1.351793189111126225e-01,1.227156623513809969e-01,6.274940157895873005e-01
-5.567237058689222806e-01,-4.110168363085069387e-01,-2.997768372603954568e+00,-1.914073796564474961e+00,1.102858450217094471e-01,-1.395304130970816736e+00,1.274535767648176332e+00,0.000000000000000000e+00,8.471961780102686191e-05,0.000000000000000000e+00,2.382739199858113820e-05,-1.614967770207417894e-04,1.482578560427337425e-04,1.061390344501502704e-05,1.346313799653182097e-01,1.202166448119553199e-01,6.243666969650260024e-01
-5.567237058689222806e-01,-4.110120426185455145e-01,-2.997768106287845846e+00,-1.914071932351712135e+00,1.102839475194327540e-01,-1.395297206751982877e+00,1.274535767648176332e+00,0.000000000000000000e+00,1.272717435377052910e-04,2.655513279453735879e-06,3.714903286664907202e-05,-1.139280532432537297e-04,2.065040694059183093e-04,1.060587263430904845e-05,1.341179723755886455e-01,1.177198783786747999e-01,6.214153724501496612e-01
-5.567237058689222806e-01,-4.110093794574547488e-01,-2.997768106287845846e+00,-1.914071133403385083e+00,1.102753837920524699e-01,-1.395299869913072754e+00,1.274536699754557967e+00,0.000000000000000000e+00,1.273681092025156733e-04,2.647488056282089435e-06,3.980253463374381376e-05,-1.217856544486455180e-04,1.165775441766144741e-04,1.853241690193229276e-05,1.346147118218604111e-01,1.159729565007642377e-01,6.229185638657621649e-01
-5.567237058689222806e-01,-4.110088468252364180e-01,-2.997768106287845846e+00,-1.914069269190622258e+00,1.102706233916039696e-01,-1.395300935177508528e+00,1.274536699754557967e+00,0.000000000000000000e+00,7.966539838361207299e-05,2.647488056282089435e-06,4.510953816793330400e-05,-1.510209181829816056e-04,3.181793588442632275e-05,1.058206161073831050e-05,1.351492622782785313e-01,1.141311426458066908e-01,6.241062274132274101e-01
-5.567237058689222806e-01,-4.110072489285823139e-01,-2.997768106287845846e+00,-1.914066872345641102e+00,1.102630167377404158e-01,-1.395299869913072754e+00,1.274536699754557967e+00,0.000000000000000000e+00,4.776256448665228740e-05,0.000000000000000000e+00,5.030177171514294536e-05,-2.093096862076275293e-04,-2.649489714262353760e-05,1.058195697145903039e-05,1.353390130350530240e-01,1.121401735634993124e-01,6.240202406379325994e-01
-5.567237058689222806e-01,-4.110051183997107671e-01,-2.997768106287845846e+00,-1.914064741816768667e+00,1.102582563372919017e-01,-1.395299337280855312e+00,1.274537631860939380e+00,0.000000000000000000e+00,4.239183461546538394e-05,0.000000000000000000e+00,6.353971335077013966e-05,-1.693113115433444863e-04,5.294976112564178869e-06,1.060597828950366367e-05,1.356219590753164062e-01,1.102036870808054819e-01,6.244306123618597049e-01
-5.567237058689222806e-01,-4.110040531352749937e-01,-2.997768106287845846e+00,-1.914063410236224172e+00,1.102563588350152224e-01,-1.395299869913072754e+00,1.274538697125375375e+00,0.000000000000000000e+00,4.765525538187670782e-05,0.000000000000000000e+00,5.824473825412130099e-05,-1.428564211465275797e-04,1.058995222512835774e-05,2.121195657900732735e-05,1.354379741921162283e-01,1.078671362228251773e-01,6.227566628763933076e-01
-5.567237058689222806e-01,-4.110024552386208896e-01,-2.997768106287845846e+00,-1.914058616546261860e+00,1.102544530103601317e-01,-1.395299337280855312e+00,1.274538697125375375e+00,0.000000000000000000e+00,4.769081241852555933e-05,0.000000000000000000e+00,8.213417829757002349e-05,-8.471961780102686191e-05,5.294976112564178869e-06,2.117990445025671548e-05,1.352550832964443950e-01,1.055671878440386097e-01,6.211832568962551981e-01
-5.567237058689222806e-01,-4.109992594453117931e-01,-2.997768372603954568e+00,-1.914043969160266201e+00,1.102497009322900151e-01,-1.395296141487547104e+00,1.274538697125375375e+00,0.000000000000000000e+00,5.837705106706835316e-05,-2.649489663466586496e-06,2.898245523559340444e-04,-8.484782631602930938e-05,3.181793588442632275e-05,1.058195697145903039e-05,1.354518555297773152e-01,1.037509403552592802e-01,6.216141841986519978e-01
-5.567237058689222806e-01,-4.109987268130943505e-01,-2.997768372603954568e+00,-1.913981118558540473e+00,1.102458892829798476e-01,-1.395296141487547104e+00,1.274538697125375375e+00,0.000000000000000000e+00,5.306951519324446665e-05,-2.649489663466586496e-06,8.370191510740247753e-03,-1.034082906084702138e-04,3.712092452122048194e-05,0.000000000000000000e+00,1.362274792250550981e-01,1.023918586247640206e-01,6.235254831893888294e-01
-5.567237058689222806e-01,-4.109960636520044730e-01,-2.997768372603954568e+00,-1.913266059805854624e+00,1.102411372049097310e-01,-1.395300935177508528e+00,1.274538697125375375e+00,0.000000000000000000e+00,6.363523783768495416e-05,-2.649489663466586496e-06,2.809013684485551360e-02,-1.325747321744994366e-04,-1.592101365031445916e-05,0.000000000000000000e+00,1.366749087040614596e-01,1.007902468758304915e-01,6.240306738553923482e-01
-5.567237058689222806e-01,-4.109918025942604913e-01,-2.997768372603954568e+00,-1.911926223461435370e+00,1.102382826291163076e-01,-1.395300935177508528e+00,1.274538697125375375e+00,0.000000000000000000e+00,7.429806573329814404e-05,0.000000000000000000e+00,3.862393764152768222e-02,-1.141005963033806377e-04,-4.769081241852555933e-05,0.000000000000000000e+00,1.363740232236819172e-01,9.874324375696297285e-02,6.213521497171837771e-01
-5.567237058689222806e-01,-4.109896720653889446e-01,-2.997768372603954568e+00,-1.910419673232777171e+00,1.102411372049097310e-01,-1.395300935177508528e+00,1.274538697125375375e+00,0.000000000000000000e+00,9.015081495282346858e-05,0.000000000000000000e+00,5.135917397428659686e-02,-4.765478399716227640e-05,-4.765478399716227640e-05,0.000000000000000000e+00,1.366018779093123581e-01,9.717482960422900440e-02,6.216113982684590145e-01
-5.567237058689222806e-01,-4.109886068009522830e-01,-2.997768372603954568e+00,-1.908742148062136934e+00,1.103486373667864617e-01,-1.395305728867470840e+00,1.274538697125375375e+00,0.000000000000000000e+00,7.424258862880327723e-05,0.000000000000000000e+00,5.780086130848387932e-02,5.894586661321743297e-03,-4.765478399716227640e-05,0.000000000000000000e+00,1.370832686259298439e-01,9.575511113570889243e-02,6.224662009135915053e-01
-5.567237058689222806e-01,-4.109870089042981789e-01,-2.997768372603954568e+00,-1.906397234722321699e+00,1.117584732359823696e-01,-1.395307859396343275e+00,1.274539629231756788e+00,0.000000000000000000e+00,4.769081241852555933e-05,0.000000000000000000e+00,6.266261584242405203e-02,5.212881088456268464e-02,-6.888673175808891476e-05,1.058995222512835774e-05,1.377155317820403235e-01,9.459442221424962938e-02,6.245507001029798611e-01
-5.567237058689222806e-01,-4.109848783754257440e-01,-2.997768372603954568e+00,-1.904469372409213435e+00,1.132253839762900616e-01,-1.395307859396343275e+00,1.274539629231756788e+00,0.000000000000000000e+00,4.772690179480882066e-05,0.000000000000000000e+00,6.482339239880585691e-02,5.104842468696638158e-02,-6.893886040564681825e-05,1.058195697145903039e-05,1.375181797966663899e-01,9.295857811563311424e-02,6.226940168182737434e-01
-5.567237058689222806e-01,-4.109843457432083014e-01,-2.997768372603954568e+00,-1.902522069020148088e+00,1.144630298362555310e-01,-1.395307859396343275e+00,1.274539629231756788e+00,0.000000000000000000e+00,4.242349053723619380e-05,0.000000000000000000e+00,6.745595210348440118e-02,3.862393764152768222e-02,-2.121195657900732735e-05,1.059806430906096121e-05,1.379292993305584192e-01,9.172282599367294342e-02,6.236264418370224272e-01
-5.567237058689222806e-01,-4.109827478465541972e-01,-2.997768372603954568e+00,-1.899907910094126073e+00,1.160650294228574991e-01,-1.395307859396343275e+00,1.274538697125375375e+00,0.000000000000000000e+00,4.245603640083856227e-05,0.000000000000000000e+00,6.131212685364486464e-02,4.348569217546784799e-02,0.000000000000000000e+00,-1.060597828950366367e-05,1.373670759008307485e-01,8.980430133731572007e-02,6.201565888419128258e-01
-5.567237058689222806e-01,-4.109811499498992049e-01,-2.997768372603954568e+00,-1.898121994267119028e+00,1.171428606502829955e-01,-1.395305728867470840e+00,1.274538697125375375e+00,0.000000000000000000e+00,3.709285681240521532e-05,0.000000000000000000e+00,6.293271031122853187e-02,3.484257346637301828e-02,2.118011372881527907e-05,-1.061400910020964057e-05,1.379189572933658681e-01,8.865702326432936542e-02,6.219131323778586129e-01
-5.567237058689222806e-01,-4.109790194210276582e-01,-2.997768372603954568e+00,-1.896306783668120666e+00,1.181246100190054826e-01,-1.395305728867470840e+00,1.274538697125375375e+00,0.000000000000000000e+00,5.298979428524707520e-05,0.000000000000000000e+00,5.780086130848387932e-02,3.183921019179296319e-02,2.116412322147662100e-05,-1.058995222512835774e-05,1.386468511775996726e-01,8.738433984406258903e-02,6.240356723040927367e-01
-5.567237058689222806e-01,-4.109752909955011191e-01,-2.997768372603954568e+00,-1.894165335835587882e+00,1.190901806841057342e-01,-1.395304663603035067e+00,1.274538697125375375e+00,0.000000000000000000e+00,7.418571362481043063e-05,0.000000000000000000e+00,5.311290300280660515e-02,2.403867612030177389e-02,3.181793588442632275e-05,0.000000000000000000e+00,1.388575483638978536e-01,8.576189669747376343e-02,6.237134079843037471e-01
-5.567237058689222806e-01,-4.109736930988479031e-01,-2.997768905236172898e+00,-1.892671835096272126e+00,1.198655017788334692e-01,-1.395305728867470840e+00,1.274538697125375375e+00,0.000000000000000000e+00,7.418571362481043063e-05,-5.311026558907471759e-06,4.937775715613242078e-02,2.783529937626475284e-02,0.000000000000000000e+00,0.000000000000000000e+00,1.388939162327416932e-01,8.382586998813244816e-02,6.227474044527382402e-01
-5.567237058689222806e-01,-4.109720952021937990e-01,-2.997768905236172898e+00,-1.891313090308113232e+00,1.205970554855214233e-01,-1.395304663603035067e+00,1.274538697125375375e+00,0.000000000000000000e+00,6.899106219910866057e-05,-5.311026558907471759e-06,4.513832095110572457e-02,2.505325519124329547e-02,1.059795865386634598e-05,0.000000000000000000e+00,1.391759150823295710e-01,8.200402315194164904e-02,6.232385899542230989e-01
-5.567237058689222806e-01,-4.109688994088855907e-01,-2.997768905236172898e+00,-1.889722117872899787e+00,1.214665442919186655e-01,-1.395305728867470840e+00,1.274538697125375375e+00,0.000000000000000000e+00,6.368405460125783663e-05,-5.298979326933172992e-06,4.051461972910500725e-02,2.809013684485551360e-02,-1.589709595563377595e-05,0.000000000000000000e+00,1.394637930991581010e-01,8.007908029472764200e-02,6.237684637851896863e-01
-5.567237058689222806e-01,-4.109657036155782706e-01,-2.997768905236172898e+00,-1.888639010257564976e+00,1.223141618878636483e-01,-1.395305728867470840e+00,1.274538697125375375e+00,0.000000000000000000e+00,7.960506926748762751e-05,0.000000000000000000e+00,3.808374454272953069e-02,3.376218518818210890e-02,0.000000000000000000e+00,0.000000000000000000e+00,1.400528375268968173e-01,7.840335305749429606e-02,6.255444143267048229e-01
-5.567237058689222806e-01,-4.109582467645251924e-01,-2.997768905236172898e+00,-1.887608366915703328e+00,1.233976939444975940e-01,-1.395304130970816736e+00,1.274538697125375375e+00,0.000000000000000000e+00,1.379821243982173211e-04,0.000000000000000000e+00,3.214159965000385616e-02,4.288140844056125695e-02,5.302989144751831836e-06,0.000000000000000000e+00,1.407645177226350408e-01,7.656762117062659856e-02,6.279272882259885336e-01
-5.567237058689222806e-01,-4.109252235670082243e-01,-2.997769970500608672e+00,-1.886396628619717575e+00,1.257169826811987690e-01,-1.395297206751982877e+00,1.274538697125375375e+00,0.000000000000000000e+00,1.501630012536471102e-03,-1.060597828950366367e-05,3.109528943079295851e-02,6.093673765324138930e-02,8.478282398937387319e-05,0.000000000000000000e+00,1.408215462015312835e-01,7.443494866060874904e-02,6.275671834062773735e-01
-5.567237058689222806e-01,-4.106461242847680992e-01,-2.997770769448936168e+00,-1.885490354900763776e+00,1.277584870714478515e-01,-1.395297206751982877e+00,1.274538697125375375e+00,0.000000000000000000e+00,7.278526929957191555e-03,-1.856046226061024097e-05,3.160140447061110525e-02,5.812355320881742310e-02,8.484782631602930938e-05,0.000000000000000000e+00,1.406947496219763116e-01,7.232328926237856226e-02,6.267161492551367452e-01
-5.567237058689222806e-01,-4.104389303519599963e-01,-2.997770769448936168e+00,-1.884360641966352112e+00,1.296639455418859277e-01,-1.395297206751982877e+00,1.274538697125375375e+00,0.000000000000000000e+00,1.252662759562164774e-02,-1.856046226061024097e-05,4.051461972910500725e-02,6.795825341339777059e-02,6.883469251108032558e-05,0.000000000000000000e+00,1.409500400589188407e-01,7.045535331910995902e-02,6.276727988544564818e-01
-5.567237058689222806e-01,-4.098258706690236508e-01,-2.997771302081153610e+00,-1.882476189179012493e+00,1.319794309516553188e-01,-1.395268977244428221e+00,1.274538697125375375e+00,0.000000000000000000e+00,1.003073798913460372e-02,-1.324744857131176880e-05,5.104842468696638158e-02,5.293910677454371355e-02,2.804246210015389124e-04,0.000000000000000000e+00,1.405428631789748806e-01,6.848686642249025847e-02,6.256550568432985848e-01
-5.567237058689222806e-01,-4.094359838854364497e-01,-2.997771302081153610e+00,-1.880834084050869492e+00,1.333350382031544823e-01,-1.395086284393649123e+00,1.274538697125375375e+00,0.000000000000000000e+00,1.188428874515404590e-02,-5.298979326933172992e-06,6.509349102879953552e-02,4.915774259938904961e-02,7.195360882392411346e-03,0.000000000000000000e+00,1.407600729427691544e-01,6.686669854640012178e-02,6.263904480250669371e-01
-5.567237058689222806e-01,-4.089086779895998447e-01,-2.997771302081153610e+00,-1.878636443519335231e+00,1.347515319750756113e-01,-1.394610643822960405e+00,1.274539629231756788e+00,0.000000000000000000e+00,2.050660879031374409e-02,-5.298979326933172992e-06,7.967875879180924548e-02,4.212910288331670611e-02,1.728623845848696952e-02,1.059795865386634598e-05,1.403308590109315912e-01,6.510635545575749195e-02,6.240199883557332461e-01
-5.567237058689222806e-01,-4.082002771396391338e-01,-2.997771302081153610e+00,-1.874963678060007410e+00,1.364458100934487772e-01,-1.393731268031016768e+00,1.274539629231756788e+00,0.000000000000000000e+00,1.825365149010696811e-02,0.000000000000000000e+00,1.026370383115417090e-01,3.750550985223528172e-02,1.705225478958828991e-02,1.058995222512835774e-05,1.405828960266423955e-01,6.376410737634136128e-02,6.247390763573054118e-01
-5.567237058689222806e-01,-4.076106532742960198e-01,-2.997771302081153610e+00,-1.871838458520799442e+00,1.374227990617227502e-01,-1.393224202159465186e+00,1.274539629231756788e+00,0.000000000000000000e+00,2.156608709275831953e-02,0.000000000000000000e+00,1.154955041013656369e-01,3.565286519516484148e-02,1.593575155030238846e-02,1.058995222512835774e-05,1.402751719205359848e-01,6.205528928444099812e-02,6.230111142830667692e-01
-5.567237058689222806e-01,-4.069741577737673310e-01,-2.997771302081153610e+00,-1.868248517371372763e+00,1.384663837020055355e-01,-1.392809814293848980e+00,1.274539629231756788e+00,0.000000000000000000e+00,2.590308653984439019e-02,0.000000000000000000e+00,1.188642530775045614e-01,3.268179482939660707e-02,1.088078988076347439e-02,0.000000000000000000e+00,1.406447202615918324e-01,6.085023553620842740e-02,6.241768838157438770e-01
-5.567237058689222806e-01,-4.060298008512255308e-01,-2.997771302081153610e+00,-1.862968267878072126e+00,1.397420877984239251e-01,-1.392276116811396847e+00,1.274539629231756788e+00,0.000000000000000000e+00,1.728623845848696952e-02,0.000000000000000000e+00,1.336982517639492551e-01,2.700974856666460769e-02,1.430408788616778330e-02,0.000000000000000000e+00,1.408940095610095034e-01,5.950012805391027143e-02,6.248815419745326061e-01
-5.567237058689222806e-01,-4.053672063720128449e-01,-2.997771302081153610e+00,-1.858892566145815550e+00,1.405288188739469701e-01,-1.391880903705629002e+00,1.274539629231756788e+00,0.000000000000000000e+00,1.890682295636792604e-02,0.000000000000000000e+00,1.428815718942206547e-01,2.511906439849267633e-02,1.140728018351532674e-02,0.000000000000000000e+00,1.409315824898824121e-01,5.803665223872162687e-02,6.248906012894995810e-01
-5.567237058689222806e-01,-4.047126013760715679e-01,-2.997770769448936168e+00,-1.854308999593680340e+00,1.411738032004505317e-01,-1.391494212715350010e+00,1.274539629231756788e+00,0.000000000000000000e+00,2.646955338727185678e-02,5.294976112564178869e-06,1.453124387582177268e-01,1.593575155030238846e-02,1.484783151965360717e-02,0.000000000000000000e+00,1.411497602826851383e-01,5.663481817663608420e-02,6.258366819528303759e-01
-5.567237058689222806e-01,-4.038614550916825863e-01,-2.997770769448936168e+00,-1.848336328216960034e+00,1.419805079841491569e-01,-1.391080357481951246e+00,1.274539629231756788e+00,0.000000000000000000e+00,1.782643259758242074e-02,5.298979326933172992e-06,1.517149110453636096e-01,2.054367042195247989e-02,7.197732760238262188e-03,0.000000000000000000e+00,1.413608029161491086e-01,5.521959299758859296e-02,6.269320833773502910e-01
-5.567237058689222806e-01,-4.032281553844612176e-01,-2.997770769448936168e+00,-1.844206830630682248e+00,1.426863788310746561e-01,-1.390827357178394230e+00,1.274538697125375375e+00,0.000000000000000000e+00,2.607992043622565578e-02,5.307004550104820284e-06,1.382899076678957562e-01,1.917692158636160119e-02,7.373287090939525078e-03,-1.058195697145903039e-05,1.411480647419085799e-01,5.350549115632505237e-02,6.259685243705919167e-01
-5.567237058689222806e-01,-4.026571736467481344e-01,-2.997769970500608672e+00,-1.840259493262967005e+00,1.432533491823957117e-01,-1.390600455853519435e+00,1.274538697125375375e+00,0.000000000000000000e+00,1.618942908740274647e-02,7.960506825157229578e-06,1.317801266335764943e-01,1.836662777697517165e-02,6.671069768134475254e-03,-1.060608394469827720e-05,1.417018252049478677e-01,5.201339561282470464e-02,6.284898498700201008e-01
-5.567237058689222806e-01,-4.016872503777406678e-01,-2.997769437868391229e+00,-1.835055143860733651e+00,1.439002476559327615e-01,-1.390319226042406875e+00,1.274538697125375375e+00,0.000000000000000000e+00,2.376857749030809180e-02,1.326751086730438400e-05,1.247850344248607607e-01,2.131608076483253178e-02,8.742533680349651865e-03,-1.060597828950366367e-05,1.412551729707229864e-01,5.030550976923697098e-02,6.265280091410945218e-01
-5.567237058689222806e-01,-4.009271842026320698e-01,-2.997769970500608672e+00,-1.831637509233835281e+00,1.444634230027004584e-01,-1.390118423696215189e+00,1.274538697125375375e+00,0.000000000000000000e+00,2.809013684485551360e-02,7.960506825157229578e-06,1.139811308370057147e-01,1.688109259409105445e-02,5.432318592286882082e-03,0.000000000000000000e+00,1.413837082328996686e-01,4.877347449036802812e-02,6.271849340395115879e-01
-5.567237058689222806e-01,-4.001697811886151257e-01,-2.997770236816717837e+00,-1.828328797895521163e+00,1.449181411140746945e-01,-1.389885130784723977e+00,1.274538697125375375e+00,0.000000000000000000e+00,2.592935820787910239e-02,-2.649516077265240302e-06,1.049042123146613908e-01,1.442708015544820650e-02,5.968851405032124871e-03,0.000000000000000000e+00,1.411875808123053966e-01,4.695624116383571856e-02,6.263256353808828170e-01
-5.567237058689222806e-01,-3.991625736643467093e-01,-2.997770236816717837e+00,-1.824398771074890568e+00,1.454841627142574034e-01,-1.389680600013005751e+00,1.274538697125375375e+00,0.000000000000000000e+00,2.754994166546275922e-02,-7.948468736420926555e-06,8.562090368453491307e-02,1.107399701636221923e-02,4.076844498842208467e-03,0.000000000000000000e+00,1.413618534974379615e-01,4.535021016627174828e-02,6.273311475595244602e-01
-5.567237058689222806e-01,-3.982666862736436997e-01,-2.997770236816717837e+00,-1.821865838562116480e+00,1.458913267554168836e-01,-1.389550637751809425e+00,1.274538697125375375e+00,0.000000000000000000e+00,2.700974856666460769e-02,-2.649489663466586496e-06,8.074744372536601933e-02,1.404506842242775680e-02,3.893855423406366711e-03,0.000000000000000000e+00,1.416135531767427624e-01,4.369465387792075689e-02,6.285753666114713978e-01
-5.567237058689222806e-01,-3.974134094603831713e-01,-2.997770236816717837e+00,-1.819606945325511482e+00,1.462889699956793632e-01,-1.389418012329523222e+00,1.274538697125375375e+00,0.000000000000000000e+00,2.268818713152258998e-02,0.000000000000000000e+00,7.184592765031704020e-02,1.061754472938754822e-02,6.276273821584342841e-03,0.000000000000000000e+00,1.413166512098700811e-01,4.211746402765857017e-02,6.271356993907648558e-01
-5.567237058689222806e-01,-3.963779724285600992e-01,-2.997770236816717837e+00,-1.816857497816113387e+00,1.467417906047768783e-01,-1.389207089971190356e+00,1.274539629231756788e+00,0.000000000000000000e+00,2.376857749030809180e-02,0.000000000000000000e+00,6.698417311637686056e-02,1.350487428333230384e-02,4.621537923763672541e-03,1.061390344501502704e-05,1.419845648513022029e-01,4.066185496287369472e-02,6.300445722442821195e-01
-5.567237058689222806e-01,-3.956807568551763410e-01,-2.997770769448936168e+00,-1.814963990281067474e+00,1.470709406707538802e-01,-1.389119738287434735e+00,1.274539629231756788e+00,0.000000000000000000e+00,2.268818713152258998e-02,-5.307004550104820284e-06,6.428319930000771232e-02,8.708435855720928626e-03,3.670390980739173838e-03,1.058995222512835774e-05,1.417906622535127781e-01,3.892914882787204545e-02,6.294127317919469000e-01
-5.567237058689222806e-01,-3.950666319078042221e-01,-2.997771302081153610e+00,-1.813263828241160169e+00,1.473430158656190980e-01,-1.389015875004921519e+00,1.274539629231756788e+00,0.000000000000000000e+00,2.052740849454618224e-02,-1.061400910020964057e-05,5.131851915577085449e-02,8.777722776846925284e-03,2.124156530947265194e-03,1.058995222512835774e-05,1.420264948948012917e-01,3.735413420451858674e-02,6.308356293655993374e-01
-5.567237058689222806e-01,-3.943497089423555479e-01,-2.997771302081153610e+00,-1.811043284524252783e+00,1.477311549497413168e-01,-1.388950361242105913e+00,1.274539629231756788e+00,0.000000000000000000e+00,2.160779885333168754e-02,-1.058995222512835774e-05,4.915061864347308740e-02,6.623131308067098724e-03,2.006036494075194056e-03,0.000000000000000000e+00,1.417003965768900975e-01,3.558280717672310245e-02,6.297230124704221721e-01
-5.567237058689222806e-01,-3.938325230586618986e-01,-2.997771302081153610e+00,-1.809426213110357118e+00,1.479080887146634604e-01,-1.388823594774217796e+00,1.274539629231756788e+00,0.000000000000000000e+00,1.728623845848696952e-02,-5.294976112564178869e-06,5.672047094969837749e-02,6.063518459406035295e-03,2.715483883120888790e-03,0.000000000000000000e+00,1.418204599551035616e-01,3.417420010991540497e-02,6.306065952596995317e-01
-5.567237058689222806e-01,-3.933148045427499184e-01,-2.997771302081153610e+00,-1.807740432140336750e+00,1.480802787238938989e-01,-1.388782582093431195e+00,1.274539629231756788e+00,0.000000000000000000e+00,1.566565396060601301e-02,0.000000000000000000e+00,5.672708724053154156e-02,5.107140901553052295e-03,1.263275534528428149e-03,0.000000000000000000e+00,1.415061022903016386e-01,3.264820266068799853e-02,6.292610188587259845e-01
-5.567237058689222806e-01,-3.927001469631603570e-01,-2.997771302081153610e+00,-1.805279671293103405e+00,1.483418843667237419e-01,-1.388682979868661960e+00,1.274539629231756788e+00,0.000000000000000000e+00,1.242448392454680028e-02,0.000000000000000000e+00,6.428319930000771232e-02,6.182431722969975937e-03,2.264913697159334945e-03,0.000000000000000000e+00,1.419602053492095006e-01,3.136520646664688744e-02,6.312051214886033046e-01
-5.567237058689222806e-01,-3.923976118633278887e-01,-2.997771834713371941e+00,-1.803120912913485085e+00,1.485159718782308458e-01,-1.388641967187874471e+00,1.274539629231756788e+00,0.000000000000000000e+00,1.404506842242775680e-02,-5.307004550104820284e-06,7.508709456548434691e-02,4.754851502714105629e-03,5.299163918749147471e-04,0.000000000000000000e+00,1.419895813157397435e-01,3.010796347096482417e-02,6.310297177766889254e-01
-5.567237058689222806e-01,-3.921328936509729246e-01,-2.997771834713371941e+00,-1.800517406631823469e+00,1.486615302765605107e-01,-1.388612672415884042e+00,1.274539629231756788e+00,0.000000000000000000e+00,9.102601382106771666e-03,-5.307004550104820284e-06,8.526127706883335211e-02,4.371266840174825932e-03,8.654104508665736188e-04,0.000000000000000000e+00,1.422558616579689961e-01,2.869463714125357681e-02,6.316016879583749022e-01
-5.567237058689222806e-01,-3.917728342715944834e-01,-2.997771834713371941e+00,-1.796785252680186851e+00,1.488441731930695011e-01,-1.388559941826300381e+00,1.274539629231756788e+00,0.000000000000000000e+00,8.643119229243484761e-03,-5.307004550104820284e-06,1.058242928593917387e-01,4.982103927927881114e-03,1.098251223143149316e-03,0.000000000000000000e+00,1.420781671953426084e-01,2.739058878879968226e-02,6.304013347673315115e-01
-5.567237058689222806e-01,-3.915262255546529957e-01,-2.997771834713371941e+00,-1.793431800235558704e+00,1.489802107905021100e-01,-1.388466731188147563e+00,1.274539629231756788e+00,0.000000000000000000e+00,4.037752727020937731e-03,0.000000000000000000e+00,1.183026922721477220e-01,5.376981537816127865e-03,2.119401982171065756e-03,0.000000000000000000e+00,1.421880973247598712e-01,2.608945454021319166e-02,6.306871028402371016e-01
-5.567237058689222806e-01,-3.914633749529281559e-01,-2.997771834713371941e+00,-1.789878610709174644e+00,1.491295641933851335e-01,-1.388421990081834423e+00,1.274539629231756788e+00,0.000000000000000000e+00,1.702040296683202027e-03,0.000000000000000000e+00,1.242448371648734035e-01,4.388138381799398281e-03,1.327524165789427174e-03,0.000000000000000000e+00,1.425113245025570186e-01,2.485219236696741690e-02,6.321556977502479358e-01
-5.567237058689222806e-01,-3.914074485700362871e-01,-2.997771834713371941e+00,-1.784906488953996728e+00,1.492427818292271224e-01,-1.388402282689767731e+00,1.274539629231756788e+00,0.000000000000000000e+00,1.549475496032588513e-03,0.000000000000000000e+00,1.226242537072897293e-01,2.372061718399739831e-03,3.795298762443300019e-04,0.000000000000000000e+00,1.422166457406363604e-01,2.339316989918647366e-02,6.308479123372103814e-01
-5.567237058689222806e-01,-3.912732252510959796e-01,-2.997771834713371941e+00,-1.781391116315092837e+00,1.493217279107911521e-01,-1.388379379504392830e+00,1.274539629231756788e+00,0.000000000000000000e+00,7.562729390606630180e-03,0.000000000000000000e+00,1.198017690049965195e-01,2.668931619206843606e-03,5.950109798972179299e-04,0.000000000000000000e+00,1.423402990584815009e-01,2.194610097796950016e-02,6.315749756464339448e-01
-5.567237058689222806e-01,-3.911272840233603887e-01,-2.997771302081153610e+00,-1.777864558399610218e+00,1.494035535352838118e-01,-1.388369792124468205e+00,1.274539629231756788e+00,0.000000000000000000e+00,3.297703172351576072e-03,5.302989144751831836e-06,1.122385829238748273e-01,3.365267101073100755e-03,5.307181685102250980e-04,0.000000000000000000e+00,1.420698634759360590e-01,2.059117471861176413e-02,6.305089647643838946e-01
-5.567237058689222806e-01,-3.909121006072808768e-01,-2.997770769448936168e+00,-1.773501235269623777e+00,1.495110453747821588e-01,-1.388345823674657531e+00,1.274539629231756788e+00,0.000000000000000000e+00,1.188428874515404590e-02,1.060597828950366367e-05,1.026370383115417090e-01,2.932898996983858073e-03,4.710713898872408633e-04,0.000000000000000000e+00,1.424179733309082208e-01,1.919784874493139781e-02,6.321521227923238007e-01
-5.567237058689222806e-01,-3.907603004251463119e-01,-2.997770769448936168e+00,-1.770452981085918864e+00,1.495757268997574552e-01,-1.388328246811463274e+00,1.274539629231756788e+00,0.000000000000000000e+00,2.233927921905993087e-03,1.061400910020964057e-05,9.328586413118968024e-02,1.897192008011489928e-03,6.410256701810685548e-04,0.000000000000000000e+00,1.423825853830395505e-01,1.771629656628461238e-02,6.321274116901259843e-01
-5.567237058689222806e-01,-3.907049066744727739e-01,-2.997770769448936168e+00,-1.767696609357686910e+00,1.496347159179026998e-01,-1.388299484671690287e+00,1.274539629231756788e+00,0.000000000000000000e+00,1.501054338017633995e-03,5.298979326933172992e-06,9.479047524567878191e-02,1.387913554138738102e-03,7.224274385422534963e-04,0.000000000000000000e+00,1.425402910175424254e-01,1.616391269256612848e-02,6.328100054811537367e-01
-5.567237058689222806e-01,-3.906612308325962957e-01,-2.997770769448936168e+00,-1.765122397848016611e+00,1.496708683297005293e-01,-1.388270189899699858e+00,1.274539629231756788e+00,0.000000000000000000e+00,1.413051818264214436e-03,5.294976112564178869e-06,7.886846706301740839e-02,1.229211779636308005e-03,9.630562015056157990e-04,0.000000000000000000e+00,1.425061548180176496e-01,1.459584933673861891e-02,6.324892292299106877e-01
-5.567237058689222806e-01,-3.905744117810590055e-01,-2.997770769448936168e+00,-1.762150310071487702e+00,1.497203365469487457e-01,-1.388235036173310455e+00,1.274539629231756788e+00,0.000000000000000000e+00,3.298361680542990105e-03,0.000000000000000000e+00,7.454690562787540109e-02,1.179320291423818215e-03,8.795316414835424113e-04,0.000000000000000000e+00,1.430063648616048122e-01,1.289122380955980141e-02,6.347587242885781578e-01
-5.567237058689222806e-01,-3.904657548085843644e-01,-2.997771302081153610e+00,-1.760173711910431038e+00,1.497764626669221832e-01,-1.388195088756959628e+00,1.274539629231756788e+00,0.000000000000000000e+00,2.581082673342456179e-03,-5.302989144751831836e-06,6.044053248551078256e-02,1.841074470490801753e-03,1.112796790040268330e-03,0.000000000000000000e+00,1.427286746651136029e-01,1.099049235326078448e-02,6.334951822005099320e-01
-5.567237058689222806e-01,-3.904258073922326489e-01,-2.997771302081153610e+00,-1.758344120241546626e+00,1.498192729814452062e-01,-1.388188164538125768e+00,1.274539629231756788e+00,0.000000000000000000e+00,7.390337693736999999e-04,-5.307004550104820284e-06,5.509988333092551843e-02,1.313332820123234903e-03,2.163332859433517370e-04,0.000000000000000000e+00,1.428905906083215438e-01,9.214205672534657790e-03,6.345148221778929010e-01
-5.567237058689222806e-01,-3.904151547478713624e-01,-2.997771302081153610e+00,-1.756199210299596913e+00,1.498687411986934226e-01,-1.388163663456096764e+00,1.274539629231756788e+00,0.000000000000000000e+00,1.993384040700519081e-04,-5.302989144751831836e-06,4.861754533940169237e-02,1.179360732981387348e-03,4.800741227284696243e-04,0.000000000000000000e+00,1.428506466091971350e-01,7.322454092296186261e-03,6.346252609026791225e-01
-5.567237058689222806e-01,-3.904092957934741648e-01,-2.997771302081153610e+00,-1.754795724405124879e+00,1.499039282145960827e-01,-1.388154608708390469e+00,1.274539629231756788e+00,0.000000000000000000e+00,1.866567573523726794e-04,0.000000000000000000e+00,4.699696188181803902e-02,1.179360732981387348e-03,4.756251612843836627e-04,0.000000000000000000e+00,1.426097245212182840e-01,5.575386657540057009e-03,6.337798483316521292e-01
-5.567237058689222806e-01,-3.904002410457678707e-01,-2.997771302081153610e+00,-1.753031646499056961e+00,1.499410293775322589e-01,-1.388149282386210714e+00,1.274539629231756788e+00,0.000000000000000000e+00,2.427307811875254221e-04,0.000000000000000000e+00,3.835384317272320237e-02,9.242111752003817409e-04,3.547893632899609337e-04,0.000000000000000000e+00,1.426517435721248450e-01,3.830028428296572765e-03,6.343470290831167979e-01
-5.567237058689222806e-01,-3.903975778846779932e-01,-2.997771302081153610e+00,-1.751943478877650229e+00,1.499619684816030085e-01,-1.388143423431811740e+00,1.274539629231756788e+00,0.000000000000000000e+00,1.691848016387785091e-04,0.000000000000000000e+00,3.360297392807660988e-02,7.902170467594733143e-04,1.570602991442655557e-04,0.000000000000000000e+00,1.423784157756823876e-01,2.128999941195123483e-03,6.336094700761544241e-01
-5.567237058689222806e-01,-3.903927841947147925e-01,-2.997771302081153610e+00,-1.751020427243829225e+00,1.499876513413654633e-01,-1.388137564477413655e+00,1.274539629231756788e+00,0.000000000000000000e+00,1.423648481626031334e-04,0.000000000000000000e+00,3.209836281358750126e-02,7.917124091108095453e-04,1.695673384618615357e-04,0.000000000000000000e+00,1.423611807771654469e-01,5.119565690609032601e-04,6.337076275896825761e-01
-5.567237058689222806e-01,-3.903863926080992641e-01,-2.997771302081153610e+00,-1.749880594297274605e+00,1.500161804545429300e-01,-1.388129042361925691e+00,1.274540561338138422e+00,0.000000000000000000e+00,1.392446552099155222e-04,0.000000000000000000e+00,3.349208655818843028e-02,7.436260317709729494e-04,2.015135844528236010e-04,1.058206161073831050e-05,1.422435190468164523e-01,-9.192391282955701031e-04,6.333982460115736846e-01
-5.567237058689222806e-01,-3.903757399637388659e-01,-2.997771302081153610e+00,-1.749017730104089452e+00,1.500399658120286916e-01,-1.388099747589934374e+00,1.274541493444520057e+00,0.000000000000000000e+00,2.308706767538720077e-04,0.000000000000000000e+00,2.646955338727185678e-02,7.958943392414933021e-04,8.081856469063334074e-04,1.856046226061024097e-05,1.422859557791430196e-01,-2.416817384220253193e-03,6.338947203477207637e-01
-5.567237058689222806e-01,-3.903634894227252516e-01,-2.997771302081153610e+00,-1.748271512366649461e+00,1.500628024183761344e-01,-1.388099747589934374e+00,1.274541493444520057e+00,0.000000000000000000e+00,4.008350674370919284e-04,0.000000000000000000e+00,1.728623845848696952e-02,7.725756851323000232e-04,3.741708822270679337e-04,1.856046226061024097e-05,1.422296623394258552e-01,-3.889396488907488538e-03,6.334560064916275879e-01
-5.567237058689222806e-01,-3.903592283649812700e-01,-2.997771302081153610e+00,-1.747458715601957202e+00,1.500875365270002426e-01,-1.388100812854370147e+00,1.274541493444520057e+00,0.000000000000000000e+00,1.484807397394327557e-04,0.000000000000000000e+00,1.836662777697517165e-02,6.500969326069883439e-04,-1.654008908808500363e-05,1.061390344501502704e-05,1.422722959333860004e-01,-5.311577419269976862e-03,6.335297831338244645e-01
-5.567237058689222806e-01,-3.903539020428006268e-01,-2.997771302081153610e+00,-1.746748184223124056e+00,1.500999035813122828e-01,-1.388092290738883072e+00,1.274541493444520057e+00,0.000000000000000000e+00,1.432894611526359919e-04,0.000000000000000000e+00,2.362996619735327486e-02,4.959251001916544855e-04,7.666346610298787896e-05,0.000000000000000000e+00,1.422716833480572318e-01,-6.566701671537306974e-03,6.332119399256850301e-01
-5.567237058689222806e-01,-3.903480430884025409e-01,-2.997772101029480663e+00,-1.745955094850497602e+00,1.501008523324506572e-01,-1.388086431784484098e+00,1.274542425550901470e+00,0.000000000000000000e+00,1.769448180809605098e-04,-7.954404729710619270e-06,2.700974856666460769e-02,2.524435494458492058e-04,1.381035465987964870e-04,1.058995222512835774e-05,1.424264340797349315e-01,-7.963089760551210136e-03,6.338820632537224276e-01
-5.567237058689222806e-01,-3.903437820306585593e-01,-2.997772633661698993e+00,-1.744461061478963515e+00,1.501113218844860320e-01,-1.388090160210010637e+00,1.274542425550901470e+00,0.000000000000000000e+00,1.574506381971046791e-04,-1.326751086730438400e-05,3.727345281393770055e-02,1.920586636332933075e-04,1.060597808632059597e-04,1.058206161073831050e-05,1.424496425696691881e-01,-9.196082725668059885e-03,6.338740396388392595e-01
-5.567237058689222806e-01,-3.903411188695677936e-01,-2.997772633661698993e+00,-1.743197657857829874e+00,1.501360559931101124e-01,-1.388089094945574864e+00,1.274541493444520057e+00,0.000000000000000000e+00,1.324744816494563408e-04,-1.326751086730438400e-05,5.023812879698535266e-02,3.709707651833163205e-04,3.176985667538506983e-05,0.000000000000000000e+00,1.422850404819200609e-01,-1.037387615697382519e-02,6.332188303796757456e-01
-5.567237058689222806e-01,-3.903325967540798302e-01,-2.997772101029480663e+00,-1.741641306516788390e+00,1.501503205496988735e-01,-1.388087497048920760e+00,1.274541493444520057e+00,0.000000000000000000e+00,1.537866785943534467e-04,0.000000000000000000e+00,6.062888039241742799e-02,6.293061359201873725e-04,-1.058995222512835774e-05,-1.060597828950366367e-05,1.424573477327695237e-01,-1.152281999528357095e-02,6.340976274902970777e-01
-5.567237058689222806e-01,-3.903182156841928929e-01,-2.997772101029480663e+00,-1.739041528660652425e+00,1.501541321990090549e-01,-1.388087497048920760e+00,1.274541493444520057e+00,0.000000000000000000e+00,3.499257783529199938e-04,5.302989144751831836e-06,7.076554145272073715e-02,2.102700106534398047e-04,1.588508580456912602e-05,-1.061400910020964057e-05,1.422745554770964982e-01,-1.245860877940529847e-02,6.334407846194310965e-01
-5.567237058689222806e-01,-3.903091609364865988e-01,-2.997772633661698993e+00,-1.736758134342018423e+00,1.501598413505959018e-01,-1.388080572830086012e+00,1.274541493444520057e+00,0.000000000000000000e+00,3.032080096401736568e-04,0.000000000000000000e+00,8.325512614205506090e-02,1.382722047986906678e-04,8.484782631602930938e-05,0.000000000000000000e+00,1.420583754897451478e-01,-1.345943269226392187e-02,6.327489365246065089e-01
-5.567237058689222806e-01,-3.902931819699455573e-01,-2.997772633661698993e+00,-1.734101897470773146e+00,1.501674480044594417e-01,-1.388081638094521786e+00,1.274541493444520057e+00,0.000000000000000000e+00,5.004558550110168669e-04,-5.298979326933172992e-06,9.269704753655155782e-02,1.861436957273283920e-04,5.828877208830723705e-05,0.000000000000000000e+00,1.421789177003644766e-01,-1.457055279151690114e-02,6.337525775305773434e-01
