5.726443491815251363e+00,5.872165807709988528e+00,3.267519426785862713e+00,4.369140272754884258e+00,1.151337053448999725e-01,4.882988949286293234e+00,1.274582372967252519e+00,0.000000000000000000e+00,0.000000000000000000e+00,0.000000000000000000e+00,0.000000000000000000e+00,0.000000000000000000e+00,0.000000000000000000e+00,0.000000000000000000e+00,1.433801558460288672e-01,1.970347265906071121e-01,6.644147499695749470e-01
5.726443491815251363e+00,5.872165807709988528e+00,3.267519426785862713e+00,4.369140272754884258e+00,1.151337053448999725e-01,4.882988949286293234e+00,1.274582372967252519e+00,0.000000000000000000e+00,0.000000000000000000e+00,0.000000000000000000e+00,0.000000000000000000e+00,0.000000000000000000e+00,0.000000000000000000e+00,0.000000000000000000e+00,1.433294539953272329e-01,1.969690742123994531e-01,6.641150832590760889e-01
5.726443491815251363e+00,5.872165807709988528e+00,3.267519426785862713e+00,4.369140272754884258e+00,1.151337053448999725e-01,4.882988949286293234e+00,1.274582372967252519e+00,0.000000000000000000e+00,0.000000000000000000e+00,0.000000000000000000e+00,0.000000000000000000e+00,0.000000000000000000e+00,0.000000000000000000e+00,0.000000000000000000e+00,1.432848128368716389e-01,1.969314821442306740e-01,6.639725387339612261e-01
5.726443491815251363e+00,5.872165807709988528e+00,3.267519426785862713e+00,4.369140272754884258e+00,1.151337053448999725e-01,4.882988949286293234e+00,1.274582372967252519e+00,0.000000000000000000e+00,0.000000000000000000e+00,0.000000000000000000e+00,0.000000000000000000e+00,0.000000000000000000e+00,0.000000000000000000e+00,0.000000000000000000e+00,1.430610596395469614e-01,1.966669700172113955e-01,6.627289298555008035e-01
5.726443491815251363e+00,5.872165807709988528e+00,3.267519426785862713e+00,4.369140272754884258e+00,1.151337053448999725e-01,4.882988949286293234e+00,1.274582372967252519e+00,0.000000000000000000e+00,0.000000000000000000e+00,0.000000000000000000e+00,0.000000000000000000e+00,0.000000000000000000e+00,0.000000000000000000e+00,0.000000000000000000e+00,1.431242952351005349e-01,1.967729867520388309e-01,6.629023589932904192e-01
5.726443491815251363e+00,5.872165807709988528e+00,3.267519426785862713e+00,4.369140272754884258e+00,1.151337053448999725e-01,4.882988949286293234e+00,1.274582372967252519e+00,0.000000000000000000e+00,0.000000000000000000e+00,0.000000000000000000e+00,0.000000000000000000e+00,0.000000000000000000e+00,0.000000000000000000e+00,0.000000000000000000e+00,1.436541101228197281e-01,1.974862079051796782e-01,6.654216395551434404e-01
5.726443491815251363e+00,5.872165807709988528e+00,3.267519426785862713e+00,4.369140272754884258e+00,1.151337053448999725e-01,4.882988949286293234e+00,1.274582372967252519e+00,0.000000000000000000e+00,0.000000000000000000e+00,0.000000000000000000e+00,0.000000000000000000e+00,0.000000000000000000e+00,0.000000000000000000e+00,0.000000000000000000e+00,1.435657360170668195e-01,1.973814708356543546e-01,6.649546084742633534e-01
5.726443491815251363e+00,5.872165807709988528e+00,3.267519426785862713e+00,4.369140272754884258e+00,1.151337053448999725e-01,4.882988949286293234e+00,1.274582372967252519e+00,0.000000000000000000e+00,0.000000000000000000e+00,0.000000000000000000e+00,0.000000000000000000e+00,0.000000000000000000e+00,0.000000000000000000e+00,0.000000000000000000e+00,1.429509622169685412e-01,1.965809044978394093e-01,6.622367414515369921e-01
5.726443491815251363e+00,5.872165807709988528e+00,3.267519426785862713e+00,4.369140272754884258e+00,1.151337053448999725e-01,4.882988949286293234e+00,1.274582372967252519e+00,0.000000000000000000e+00,0.000000000000000000e+00,0.000000000000000000e+00,0.000000000000000000e+00,0.000000000000000000e+00,0.000000000000000000e+00,0.000000000000000000e+00,1.430786134386892450e-01,1.967330074414258279e-01,6.630748345411330291e-01
5.726443491815251363e+00,5.872165807709988528e+00,3.267519426785862713e+00,4.369140272754884258e+00,1.151337053448999725e-01,4.882988949286293234e+00,1.274582372967252519e+00,0.000000000000000000e+00,0.000000000000000000e+00,0.000000000000000000e+00,0.000000000000000000e+00,0.000000000000000000e+00,0.000000000000000000e+00,0.000000000000000000e+00,1.431035103477975579e-01,1.967615940204167080e-01,6.632804363433543182e-01
5.726443491815251363e+00,5.872165807709988528e+00,3.267519426785862713e+00,4.369140272754884258e+00,1.151337053448999725e-01,4.882988949286293234e+00,1.274582372967252519e+00,0.000000000000000000e+00,0.000000000000000000e+00,0.000000000000000000e+00,0.000000000000000000e+00,0.000000000000000000e+00,0.000000000000000000e+00,0.000000000000000000e+00,1.433947449078209202e-01,1.970412794952088875e-01,6.642188639613880730e-01
5.726443491815251363e+00,5.872165807709988528e+00,3.267519426785862713e+00,4.369140272754884258e+00,1.151337053448999725e-01,4.882988949286293234e+00,1.274582372967252519e+00,0.000000000000000000e+00,0.000000000000000000e+00,0.000000000000000000e+00,0.000000000000000000e+00,0.000000000000000000e+00,0.000000000000000000e+00,0.000000000000000000e+00,1.430959885224271644e-01,1.967209389234886308e-01,6.621640787802245409e-01
5.726443491815251363e+00,5.872165807709988528e+00,3.267519426785862713e+00,4.369140272754884258e+00,1.151337053448999725e-01,4.882988949286293234e+00,1.274582372967252519e+00,0.000000000000000000e+00,0.000000000000000000e+00,0.000000000000000000e+00,0.000000000000000000e+00,0.000000000000000000e+00,0.000000000000000000e+00,0.000000000000000000e+00,1.432563650713073178e-01,1.969660791444072523e-01,6.625982699424292077e-01
5.726443491815251363e+00,5.872165807709988528e+00,3.267519426785862713e+00,4.369140272754884258e+00,1.151337053448999725e-01,4.882988949286293234e+00,1.274582372967252519e+00,0.000000000000000000e+00,0.000000000000000000e+00,0.000000000000000000e+00,0.000000000000000000e+00,0.000000000000000000e+00,0.000000000000000000e+00,0.000000000000000000e+00,1.433223690087982727e-01,1.970806655801243534e-01,6.625062529832401736e-01
5.726443491815251363e+00,5.872165807709988528e+00,3.267519426785862713e+00,4.369140272754884258e+00,1.151337053448999725e-01,4.882988949286293234e+00,1.274582372967252519e+00,0.000000000000000000e+00,0.000000000000000000e+00,0.000000000000000000e+00,0.000000000000000000e+00,0.000000000000000000e+00,0.000000000000000000e+00,0.000000000000000000e+00,1.433507338623932204e-01,1.971342768621831276e-01,6.625443417593138706e-01
5.726443491815251363e+00,5.872165807709988528e+00,3.267519426785862713e+00,4.369140272754884258e+00,1.151337053448999725e-01,4.882988949286293234e+00,1.274582372967252519e+00,0.000000000000000000e+00,0.000000000000000000e+00,0.000000000000000000e+00,0.000000000000000000e+00,0.000000000000000000e+00,0.000000000000000000e+00,0.000000000000000000e+00,1.433101410320785640e-01,1.971002118611927534e-01,6.627436710011344045e-01
5.726443491815251363e+00,5.872165807709988528e+00,3.267519426785862713e+00,4.369140272754884258e+00,1.151337053448999725e-01,4.882988949286293234e+00,1.274582372967252519e+00,0.000000000000000000e+00,0.000000000000000000e+00,0.000000000000000000e+00,0.000000000000000000e+00,0.000000000000000000e+00,0.000000000000000000e+00,0.000000000000000000e+00,1.432360165259533857e-01,1.970204657588383590e-01,6.628376723406491644e-01
5.726443491815251363e+00,5.872165807709988528e+00,3.267519426785862713e+00,4.369140272754884258e+00,1.151337053448999725e-01,4.882988949286293234e+00,1.274582372967252519e+00,0.000000000000000000e+00,0.000000000000000000e+00,0.000000000000000000e+00,0.000000000000000000e+00,0.000000000000000000e+00,0.000000000000000000e+00,0.000000000000000000e+00,1.431819971119847323e-01,1.968053041610174358e-01,6.626136588772033598e-01
5.726443491815251363e+00,5.872165807709988528e+00,3.267519426785862713e+00,4.369140272754884258e+00,1.151346540960383052e-01,4.882988949286293234e+00,1.274582372967252519e+00,0.000000000000000000e+00,0.000000000000000000e+00,0.000000000000000000e+00,0.000000000000000000e+00,1.060597828950366367e-05,0.000000000000000000e+00,0.000000000000000000e+00,1.433889707411828973e-01,1.968951959572449728e-01,6.639025828397470130e-01
5.726443491815251363e+00,5.872165807709988528e+00,3.267519426785862713e+00,4.369140272754884258e+00,1.151346540960383052e-01,4.882988949286293234e+00,1.274582372967252519e+00,0.000000000000000000e+00,0.000000000000000000e+00,0.000000000000000000e+00,0.000000000000000000e+00,1.060597828950366367e-05,0.000000000000000000e+00,0.000000000000000000e+00,1.435784230231506864e-01,1.970225202072846127e-01,6.648957659451334434e-01
5.726443491815251363e+00,5.872165807709988528e+00,3.267519426785862713e+00,4.369140272754884258e+00,1.151346540960383052e-01,4.882988949286293234e+00,1.274582372967252519e+00,0.000000000000000000e+00,0.000000000000000000e+00,0.000000000000000000e+00,0.000000000000000000e+00,1.058995222512835774e-05,0.000000000000000000e+00,0.000000000000000000e+00,1.433748533514399848e-01,1.965696176370685944e-01,6.640602945121749645e-01
5.726443491815251363e+00,5.872165807709988528e+00,3.267519959418081044e+00,4.369140272754884258e+00,1.151346540960383052e-01,4.882988949286293234e+00,1.274582372967252519e+00,0.000000000000000000e+00,0.000000000000000000e+00,5.307004550104820284e-06,0.000000000000000000e+00,0.000000000000000000e+00,0.000000000000000000e+00,0.000000000000000000e+00,1.437436984909222504e-01,1.968494248012775949e-01,6.659396257044976064e-01
5.726443491815251363e+00,5.872165807709988528e+00,3.267519959418081044e+00,4.369140272754884258e+00,1.151346540960383052e-01,4.882988949286293234e+00,1.274582372967252519e+00,0.000000000000000000e+00,0.000000000000000000e+00,5.307004550104820284e-06,0.000000000000000000e+00,0.000000000000000000e+00,0.000000000000000000e+00,0.000000000000000000e+00,1.436645172577482865e-01,1.965879771586794555e-01,6.653789292065199756e-01
5.726443491815251363e+00,5.872165807709988528e+00,3.267519959418081044e+00,4.369140805387101700e+00,1.151356028471766380e-01,4.882988949286293234e+00,1.274582372967252519e+00,0.000000000000000000e+00,0.000000000000000000e+00,5.306951722507513519e-06,5.307004550104820284e-06,1.059795865386634598e-05,0.000000000000000000e+00,0.000000000000000000e+00,1.435478347839427848e-01,1.963376128770389084e-01,6.646091857223500599e-01
5.726443491815251363e+00,5.872165807709988528e+00,3.267519959418081044e+00,4.369140805387101700e+00,1.151356028471766380e-01,4.882988949286293234e+00,1.274582372967252519e+00,0.000000000000000000e+00,0.000000000000000000e+00,0.000000000000000000e+00,5.302989144751831836e-06,1.060597828950366367e-05,0.000000000000000000e+00,0.000000000000000000e+00,1.438264116151198591e-01,1.967270374146140866e-01,6.661726359622698324e-01
5.726443491815251363e+00,5.872165807709988528e+00,3.267519959418081044e+00,4.369140805387101700e+00,1.151365599206933960e-01,4.882988949286293234e+00,1.274582372967252519e+00,0.000000000000000000e+00,0.000000000000000000e+00,0.000000000000000000e+00,5.307004550104820284e-06,1.856027736401966941e-05,0.000000000000000000e+00,0.000000000000000000e+00,1.436104183583595539e-01,1.965678872735298344e-01,6.654352529252792747e-01
5.726443491815251363e+00,5.872165807709988528e+00,3.267519959418081044e+00,4.369140805387101700e+00,1.151365599206933960e-01,4.882988949286293234e+00,1.274582372967252519e+00,0.000000000000000000e+00,0.000000000000000000e+00,0.000000000000000000e+00,0.000000000000000000e+00,1.059795865386634598e-05,0.000000000000000000e+00,0.000000000000000000e+00,1.431976697994789549e-01,1.963419230139250016e-01,6.645356849024546264e-01
5.726443491815251363e+00,5.872165807709988528e+00,3.267519959418081044e+00,4.369140805387101700e+00,1.151375086718317287e-01,4.882988949286293234e+00,1.274582372967252519e+00,0.000000000000000000e+00,0.000000000000000000e+00,0.000000000000000000e+00,0.000000000000000000e+00,1.853241690193229276e-05,0.000000000000000000e+00,0.000000000000000000e+00,1.431533623454924464e-01,1.963527209269181339e-01,6.639989210792465180e-01
5.726443491815251363e+00,5.872165807709988528e+00,3.267519959418081044e+00,4.369140805387101700e+00,1.151375086718317287e-01,4.882988949286293234e+00,1.274582372967252519e+00,0.000000000000000000e+00,0.000000000000000000e+00,0.000000000000000000e+00,0.000000000000000000e+00,1.059795865386634598e-05,0.000000000000000000e+00,0.000000000000000000e+00,1.430317017705363125e-01,1.960072759129669051e-01,6.623824635245607606e-01
5.726443491815251363e+00,5.872165807709988528e+00,3.267519959418081044e+00,4.369140805387101700e+00,1.151375086718317287e-01,4.882988949286293234e+00,1.274582372967252519e+00,0.000000000000000000e+00,0.000000000000000000e+00,0.000000000000000000e+00,0.000000000000000000e+00,1.060597828950366367e-05,0.000000000000000000e+00,0.000000000000000000e+00,1.433918138013481891e-01,1.961692870325945914e-01,6.634543038515874347e-01
5.726443491815251363e+00,5.872166340342207747e+00,3.267519959418081044e+00,4.369140805387101700e+00,1.151375086718317287e-01,4.882988949286293234e+00,1.274582372967252519e+00,0.000000000000000000e+00,5.307004550104820284e-06,0.000000000000000000e+00,0.000000000000000000e+00,0.000000000000000000e+00,0.000000000000000000e+00,0.000000000000000000e+00,1.436074869708648949e-01,1.961146208522305812e-01,6.633850184051487409e-01
5.726443491815251363e+00,5.872166340342207747e+00,3.267519959418081044e+00,4.369140805387101700e+00,1.151375086718317287e-01,4.882988949286293234e+00,1.274582372967252519e+00,0.000000000000000000e+00,5.306951722507513519e-06,0.000000000000000000e+00,0.000000000000000000e+00,0.000000000000000000e+00,0.000000000000000000e+00,0.000000000000000000e+00,1.443615936274267320e-01,1.968751209666212698e-01,6.667665578963791750e-01
5.726443491815251363e+00,5.872166340342207747e+00,3.267519959418081044e+00,4.369140805387101700e+00,1.151375086718317287e-01,4.882988949286293234e+00,1.274582372967252519e+00,0.000000000000000000e+00,5.307004550104820284e-06,0.000000000000000000e+00,0.000000000000000000e+00,0.000000000000000000e+00,0.000000000000000000e+00,0.000000000000000000e+00,1.447399999051872665e-01,1.970628090689335588e-01,6.679761195143040231e-01
5.726443491815251363e+00,5.872166340342207747e+00,3.267519959418081044e+00,4.369140805387101700e+00,1.151375086718317287e-01,4.882988949286293234e+00,1.274582372967252519e+00,0.000000000000000000e+00,0.000000000000000000e+00,0.000000000000000000e+00,0.000000000000000000e+00,0.000000000000000000e+00,0.000000000000000000e+00,0.000000000000000000e+00,1.454127779985219804e-01,1.976275201689433603e-01,6.702326217271529218e-01
5.726443491815251363e+00,5.872165807709988528e+00,3.267520225734189765e+00,4.369140805387101700e+00,1.151375086718317287e-01,4.882986818757421688e+00,1.274582372967252519e+00,0.000000000000000000e+00,-5.295028432203819769e-06,2.653502275052410142e-06,0.000000000000000000e+00,0.000000000000000000e+00,-2.117990445025671548e-05,0.000000000000000000e+00,1.446762733438128889e-01,1.956982224389450520e-01,6.663459797570643328e-01
5.726444024447468806e+00,5.872165807709988528e+00,3.267520225734189765e+00,4.369140805387101700e+00,1.151375086718317287e-01,4.882985753492985026e+00,1.274582372967252519e+00,5.307004550104820284e-06,-5.294976112564178869e-06,2.653502275052410142e-06,0.000000000000000000e+00,0.000000000000000000e+00,-3.184171033504507942e-05,0.000000000000000000e+00,1.452686791543673084e-01,1.953540850641002358e-01,6.684476658308420305e-01
5.726444024447468806e+00,5.872165807709988528e+00,3.267520225734189765e+00,4.369140805387101700e+00,1.151375086718317287e-01,4.882979361906369498e+00,1.274582372967252519e+00,5.307004550104820284e-06,-5.302936317154524225e-06,2.651494572375915918e-06,0.000000000000000000e+00,0.000000000000000000e+00,-9.545380358961764132e-05,0.000000000000000000e+00,1.452543047750081140e-01,1.936288945118073423e-01,6.682636712318893446e-01
5.726444024447468806e+00,5.872165807709988528e+00,3.267520758366408096e+00,4.369140805387101700e+00,1.151375086718317287e-01,4.882963915572046787e+00,1.274582372967252519e+00,5.294976112564178869e-06,0.000000000000000000e+00,5.302989144751831836e-06,0.000000000000000000e+00,0.000000000000000000e+00,-2.280285357641170915e-04,0.000000000000000000e+00,1.456267327856842209e-01,1.919048966079727747e-01,6.698470590752928500e-01
5.726444024447468806e+00,5.872165807709988528e+00,3.267520758366408096e+00,4.369140805387101700e+00,1.151375086718317287e-01,4.882933555535619696e+00,1.274582372967252519e+00,0.000000000000000000e+00,0.000000000000000000e+00,5.298979326933172992e-06,0.000000000000000000e+00,0.000000000000000000e+00,-8.502739951025935564e-04,0.000000000000000000e+00,1.465022726290404476e-01,1.907147743786753447e-01,6.738507430092207651e-01
5.726444024447468806e+00,5.872165807709988528e+00,3.267520225734189765e+00,4.369140805387101700e+00,1.151375086718317287e-01,4.882714111061797979e+00,1.274582372967252519e+00,0.000000000000000000e+00,0.000000000000000000e+00,0.000000000000000000e+00,0.000000000000000000e+00,0.000000000000000000e+00,-1.242448392454680028e-02,0.000000000000000000e+00,1.468283851272469964e-01,1.889255529164688974e-01,6.752053458633507921e-01
5.726444024447468806e+00,5.872165807709988528e+00,3.267520225734189765e+00,4.369140805387101700e+00,1.151365599206933960e-01,4.882649129931199816e+00,1.274582372967252519e+00,0.000000000000000000e+00,0.000000000000000000e+00,-5.298979326933172992e-06,0.000000000000000000e+00,-1.058995222512835774e-05,-3.723212986448051222e-04,0.000000000000000000e+00,1.467639139287619521e-01,1.865514308172441515e-01,6.744063262403839909e-01
5.726444024447468806e+00,5.872166340342207747e+00,3.267520225734189765e+00,4.369140805387101700e+00,1.151375086718317287e-01,4.882649129931199816e+00,1.274582372967252519e+00,0.000000000000000000e+00,5.302989144751831836e-06,-5.302989144751831836e-06,0.000000000000000000e+00,0.000000000000000000e+00,0.000000000000000000e+00,0.000000000000000000e+00,1.474157556845259731e-01,1.851341398687665896e-01,6.763979359674437974e-01
5.726443491815251363e+00,5.872166872974425189e+00,3.267520758366408096e+00,4.369141338019320031e+00,1.151384574229700752e-01,4.882637944654621087e+00,1.274582372967252519e+00,-5.306951722507513519e-06,1.059795865386634598e-05,5.307004550104820284e-06,5.298979326933172992e-06,1.060597828950366367e-05,-1.767920081602583821e-04,0.000000000000000000e+00,1.488394918890865448e-01,1.840850759561258598e-01,6.817926352888808994e-01
5.726444024447468806e+00,5.872166872974425189e+00,3.267520758366408096e+00,4.369141604335428752e+00,1.151384574229700752e-01,4.882606519353758223e+00,1.274582372967252519e+00,0.000000000000000000e+00,1.060597828950366367e-05,5.307004550104820284e-06,7.948468736420926555e-06,1.854642840620260766e-05,-9.743622175894241190e-04,0.000000000000000000e+00,1.482660883956160303e-01,1.806331323290367441e-01,6.777669710638113409e-01
5.726444024447468806e+00,5.872166872974425189e+00,3.267520225734189765e+00,4.369143202232082857e+00,1.151384574229700752e-01,4.882591073019435512e+00,1.274582372967252519e+00,0.000000000000000000e+00,5.298926499335867074e-06,0.000000000000000000e+00,2.388151996751402287e-05,1.059005686440763954e-05,-6.066132206374325736e-04,0.000000000000000000e+00,1.496018602147850263e-01,1.794630554246539333e-01,6.823591040622284387e-01
5.726443491815251363e+00,5.872170068767733397e+00,3.267520225734189765e+00,4.369144533812628239e+00,1.151375086718317287e-01,4.882548462441994808e+00,1.274582372967252519e+00,0.000000000000000000e+00,3.184202730062891831e-05,-5.298979326933172992e-06,3.184202730062891831e-05,-1.059005686440763954e-05,-1.293980949659201017e-03,0.000000000000000000e+00,1.514147714332026162e-01,1.786344951221884580e-01,6.892052844918208354e-01
5.726443491815251363e+00,5.872171134032169171e+00,3.267520225734189765e+00,4.369145865393172734e+00,1.151384574229700752e-01,4.882518635037785160e+00,1.274582372967252519e+00,-5.307004550104820284e-06,4.245561378006010815e-05,-5.298979326933172992e-06,4.245603640083856227e-05,0.000000000000000000e+00,-9.553805629273168796e-04,0.000000000000000000e+00,1.517105712692994046e-01,1.759020759272924284e-01,6.897389795164940995e-01
5.726443491815251363e+00,5.872172199296605832e+00,3.267519959418081044e+00,4.369149061186480942e+00,1.151384574229700752e-01,4.882493068691320381e+00,1.274582372967252519e+00,-5.307004550104820284e-06,5.298979428524707520e-05,-2.653475861253756759e-06,5.833287906839714583e-05,0.000000000000000000e+00,-9.027179177612072378e-04,0.000000000000000000e+00,1.518799486193049830e-01,1.730016111730010575e-01,6.905276019384772868e-01
5.726443491815251363e+00,5.872176460354349814e+00,3.267519959418081044e+00,4.369152789612007481e+00,1.151403632476251659e-01,4.882465371815984057e+00,1.274583305073634154e+00,0.000000000000000000e+00,6.358774989136741244e-05,-2.653502275052410142e-06,8.207212618904110549e-05,2.914409549236843174e-05,-6.725540254953652711e-04,1.058206161073831050e-05,1.525700892641099204e-01,1.707096530768978382e-01,6.938413358804280673e-01
5.726443491815251363e+00,5.872179656147657134e+00,3.267519959418081044e+00,4.369158382250296846e+00,1.151441665745569221e-01,4.882452056010533781e+00,1.274584370338070149e+00,0.000000000000000000e+00,9.008265109765228374e-05,-2.651494572375915918e-06,1.244319350895545229e-04,5.559725070579687827e-05,-5.850957762860143057e-04,2.119591730773269197e-05,1.525079317525473155e-01,1.674253584578033471e-01,6.935045803874110293e-01
5.726443491815251363e+00,5.872182851940965342e+00,3.267519959418081044e+00,4.369173295952401226e+00,1.151470211503503732e-01,4.882435011779556966e+00,1.274586234550833419e+00,0.000000000000000000e+00,9.552607987005609148e-05,0.000000000000000000e+00,3.392624709452697661e-04,7.677791506072254848e-05,-4.546614801899039287e-04,2.916643953419857291e-05,1.526415716231314668e-01,1.647807924200743734e-01,6.943995593362921603e-01
5.726443491815251363e+00,5.872184982469837777e+00,3.267519426785862713e+00,4.369256652894520698e+00,1.151479699014887059e-01,4.882423826502978237e+00,1.274588098763596244e+00,0.000000000000000000e+00,8.491207280167712454e-05,-5.294976112564178869e-06,1.537995711288395705e-02,7.671918702716263227e-05,-3.890013930567373158e-04,4.765478399716227640e-05,1.525622420426882841e-01,1.619294871600331365e-01,6.949127742171796740e-01
5.726442959183033032e+00,5.872191374056453306e+00,3.267519426785862713e+00,4.370052671744344863e+00,1.151479699014887059e-01,4.882379085396665097e+00,1.274588098763596244e+00,-5.294976112564178869e-06,1.167541021341367063e-04,-5.298979326933172992e-06,2.592935820787910239e-02,4.772690179480882066e-05,-7.347777180603333501e-04,3.706483380386458551e-05,1.534830537604740253e-01,1.601235641942765076e-01,6.995482899604666960e-01
5.726442959183033032e+00,5.872198830907506384e+00,3.267518894153645270e+00,4.371357886994593045e+00,1.151479699014887059e-01,4.882363639062343275e+00,1.274588098763596244e+00,-5.302989144751831836e-06,1.643910304034092607e-04,-1.058984656993374421e-05,5.185871641575820479e-02,1.060597828950366367e-05,-4.242391234528238388e-04,2.647487954690556092e-05,1.539545226305896186e-01,1.578059064225785235e-01,7.022623306131087206e-01
5.726442426550815590e+00,5.872220136196227180e+00,3.267518894153645270e+00,4.374225845172499128e+00,1.151479699014887059e-01,4.882357247475726858e+00,1.274589030869977879e+00,-1.061400910020964057e-05,5.747438428642133836e-04,-5.307004550104820284e-06,8.676588818332245379e-02,0.000000000000000000e+00,-1.493869037070214836e-04,1.060597828950366367e-05,1.546577544452155117e-01,1.558798891309578771e-01,7.067320993404981877e-01
5.726442426550815590e+00,5.872521606031622987e+00,3.267518894153645270e+00,4.376964906353645546e+00,1.151489269750054500e-01,4.882307712679451406e+00,1.274589030869977879e+00,-5.307004550104820284e-06,1.503195373892435641e-02,-5.307004550104820284e-06,1.020627609119797441e-01,1.058995222512835774e-05,-1.996166283322250816e-03,1.060597828950366367e-05,1.548636542415798845e-01,1.531954377962178870e-01,7.085284752491733951e-01
5.726442426550815590e+00,5.873049444559677035e+00,3.267518894153645270e+00,4.380298118773988669e+00,1.151498757261437828e-01,4.882295462138436903e+00,1.274589030869977879e+00,-5.307004550104820284e-06,2.256916047555286228e-02,0.000000000000000000e+00,1.191129840009395452e-01,1.853241690193229276e-05,-9.935932347654651507e-05,1.060597828950366367e-05,1.550103816140533664e-01,1.502121271020381565e-01,7.105120929832546839e-01
5.726442426550815590e+00,5.874148264825444166e+00,3.267519426785862713e+00,4.385517381878325516e+00,1.151536790530755666e-01,4.882295994770654346e+00,1.274589030869977879e+00,0.000000000000000000e+00,3.025091756242652072e-02,5.307004550104820284e-06,1.401805939166622939e-01,5.559725070579687827e-05,1.019021290771460505e-05,0.000000000000000000e+00,1.551156969156826104e-01,1.473048733160643442e-01,7.124220192944011876e-01
5.726442426550815590e+00,5.875219920848092414e+00,3.267519426785862713e+00,4.389725442716760462e+00,1.151555848777306573e-01,4.882293331609565357e+00,1.274589030869977879e+00,0.000000000000000000e+00,3.997442663030685572e-02,5.298979326933172992e-06,1.439619497694385464e-01,6.628736608724971832e-05,-2.791683116553388865e-05,0.000000000000000000e+00,1.548048923220560757e-01,1.439630818317506888e-01,7.133070470372245842e-01
5.726442426550815590e+00,5.876730998450602428e+00,3.267519959418081044e+00,4.393972918339327904e+00,1.151612940293174903e-01,4.882244862077725678e+00,1.274589030869977879e+00,0.000000000000000000e+00,5.996163786486568420e-02,1.059005686440763954e-05,1.396403883342965391e-01,1.140142678820585458e-04,-1.094630728461997620e-03,0.000000000000000000e+00,1.550023967080334519e-01,1.411438694776028513e-01,7.151827638745202886e-01
5.726442426550815590e+00,5.879434106957034167e+00,3.267520225734189765e+00,4.399617221953641355e+00,1.154067292909035231e-01,4.882243796813289016e+00,1.274589962976359514e+00,0.000000000000000000e+00,7.773822149638778822e-02,7.942464168846267457e-06,1.394989079013860545e-01,4.586815192546352810e-02,5.485210525479949423e-05,1.060597828950366367e-05,1.555443640514453385e-01,1.385412683014261015e-01,7.197962680233787047e-01
5.726442426550815590e+00,5.882074364861738403e+00,3.267520225734189765e+00,4.403804243819464226e+00,1.161420863245232471e-01,4.882248590503251329e+00,1.274589962976359514e+00,0.000000000000000000e+00,1.009141062443149467e-01,7.954483971106580687e-06,1.374796159391039330e-01,3.484257346637301828e-02,1.352607391685832505e-04,1.061400910020964057e-05,1.549835219480844573e-01,1.350632852800763284e-01,7.195894097805934919e-01
5.726442426550815590e+00,5.885377749877871878e+00,3.267519959418081044e+00,4.407736667485075088e+00,1.170971957599665492e-01,4.882249655767687990e+00,1.274589962976359514e+00,0.000000000000000000e+00,1.199232757297313684e-01,0.000000000000000000e+00,1.369394186791165757e-01,3.485681513642113760e-02,8.493426039254599617e-05,1.059785299867173415e-05,1.546855975082202239e-01,1.315004071881507308e-01,7.195256208184942492e-01
5.726442426550815590e+00,5.890708333115775019e+00,3.267519959418081044e+00,4.412833691495377408e+00,1.184604179877076641e-01,4.882259243147611727e+00,1.274589962976359514e+00,0.000000000000000000e+00,1.442320442382430123e-01,-2.653502275052410142e-06,1.196531812609269024e-01,2.590308653984439019e-02,1.452144825438529750e-04,0.000000000000000000e+00,1.557125680497452869e-01,1.293170358272440479e-01,7.261934104683038793e-01
5.726442426550815590e+00,5.895329450239279900e+00,3.267519959418081044e+00,4.416185279727242730e+00,1.191891171186021808e-01,4.882259243147611727e+00,1.274589962976359514e+00,0.000000000000000000e+00,1.597357031031665653e-01,-2.653502275052410142e-06,1.042576217691253693e-01,2.683222599347021009e-02,1.232873561116585811e-04,0.000000000000000000e+00,1.563289956602181285e-01,1.263295572525718891e-01,7.302916857402557138e-01
5.726442426550815590e+00,5.900402239483663713e+00,3.267520225734189765e+00,4.419169884360894862e+00,1.200624175743096184e-01,4.882256047354303519e+00,1.274589962976359514e+00,0.000000000000000000e+00,1.788045357193791818e-01,2.649489663466586496e-06,9.129294578607771715e-02,3.187150310060477693e-02,6.556751286437833019e-05,0.000000000000000000e+00,1.561188967243855585e-01,1.228321314622190519e-01,7.305163422129757889e-01
5.726442426550815590e+00,5.907908625332161101e+00,3.267520225734189765e+00,4.422717214932879948e+00,1.214246910509124006e-01,4.882256047354303519e+00,1.274589962976359514e+00,0.000000000000000000e+00,1.960907648151904437e-01,2.647488056282089435e-06,8.472467507631759043e-02,4.425110547870263894e-02,-3.177017160913825204e-05,0.000000000000000000e+00,1.568829217158693445e-01,1.201845923950138617e-01,7.350859277678414294e-01
5.726442426550815590e+00,5.913998742112953622e+00,3.267519959418081044e+00,4.425059997743822748e+00,1.227241721824381543e-01,4.882258177883175954e+00,1.274589962976359514e+00,0.000000000000000000e+00,2.039868044206800124e-01,0.000000000000000000e+00,7.393172373844550394e-02,4.240530181668234616e-02,-1.058995222512835774e-05,0.000000000000000000e+00,1.560471132751864998e-01,1.161994140008284215e-01,7.328075096518448239e-01
5.726442426550815590e+00,5.922201278270398106e+00,3.267519959418081044e+00,4.427814771575400599e+00,1.244174932272945899e-01,4.882257112618740180e+00,1.274589030869977879e+00,0.000000000000000000e+00,2.122966160357837861e-01,-2.653475861253756759e-06,6.718612811197813284e-02,4.484532745811576487e-02,1.588492833769253491e-05,-1.059005686440763954e-05,1.562643487363799266e-01,1.132266079132123321e-01,7.355149768134091603e-01
5.726442426550815590e+00,5.928714837664514015e+00,3.267519959418081044e+00,4.429710675955427668e+00,1.257264951597173996e-01,4.882259243147611727e+00,1.274589030869977879e+00,0.000000000000000000e+00,2.171583664085347531e-01,-2.653475861253756759e-06,6.158222548363855020e-02,3.673325555395034331e-02,3.712092452122048194e-05,-1.058995222512835774e-05,1.564847232960542567e-01,1.103283951423909559e-01,7.377946820476602996e-01
5.726442426550815590e+00,5.935326401386744166e+00,3.267519959418081044e+00,4.431586872943388933e+00,1.271420401805001543e-01,4.882258177883175954e+00,1.274589030869977879e+00,0.000000000000000000e+00,2.184603192864472410e-01,0.000000000000000000e+00,6.131212685364486464e-02,4.618667015302620887e-02,0.000000000000000000e+00,-1.058995222512835774e-05,1.566948245963953323e-01,1.073248137419825637e-01,7.402516053055474554e-01
5.726442426550815590e+00,5.941791491249020396e+00,3.267519959418081044e+00,4.433429247785506178e+00,1.284957416073442549e-01,4.882255514722086076e+00,1.274589030869977879e+00,0.000000000000000000e+00,2.120815158434894709e-01,0.000000000000000000e+00,5.969154339606121129e-02,5.293910677454371355e-02,-1.590896794221316137e-05,0.000000000000000000e+00,1.569578356851158429e-01,1.045532492526284191e-01,7.429402225163657114e-01
5.726442426550815590e+00,5.950233711904571621e+00,3.267519959418081044e+00,4.436193076364790322e+00,1.307940995623530778e-01,4.882249655767687990e+00,1.274589030869977879e+00,0.000000000000000000e+00,2.046270616362486916e-01,0.000000000000000000e+00,7.312225592511591155e-02,5.401949713332921538e-02,-9.530956799432455280e-05,0.000000000000000000e+00,1.574745079961349103e-01,1.019182771929338094e-01,7.474530661016542954e-01
5.726442426550815590e+00,5.956226889621686560e+00,3.267520225734189765e+00,4.438492183333855756e+00,1.324522252689284418e-01,4.882250721032123764e+00,1.274589030869977879e+00,0.000000000000000000e+00,1.912290144424394489e-01,2.649489663466586496e-06,8.291992570697656606e-02,5.023812879698535266e-02,-7.412966760772917102e-05,0.000000000000000000e+00,1.558756939434845779e-01,9.819546665374034866e-02,7.415774263893011309e-01
5.726442426550815590e+00,5.961897824846900562e+00,3.267520225734189765e+00,4.441075982223449792e+00,1.342996601171164150e-01,4.882249655767687990e+00,1.274589030869977879e+00,0.000000000000000000e+00,1.813855715793430967e-01,2.647488056282089435e-06,8.751158161092303933e-02,7.422746777749880676e-02,-5.824473825412130099e-05,0.000000000000000000e+00,1.564400673843587830e-01,9.588431656879542464e-02,7.453909657373254394e-01
5.726442426550815590e+00,5.968733626732916520e+00,3.267520225734189765e+00,4.444917592095889880e+00,1.368776999208539957e-01,4.882249655767687990e+00,1.274588098763596244e+00,0.000000000000000000e+00,1.696212072667293846e-01,2.651494572375915918e-06,1.009141062443149467e-01,5.509988333092551843e-02,0.000000000000000000e+00,-1.058995222512835774e-05,1.570444106884207047e-01,9.355587901902258363e-02,7.494107749266734064e-01
5.726442426550815590e+00,5.973646626311894359e+00,3.267520225734189765e+00,4.447954394686907342e+00,1.387574838539080146e-01,4.882252318928777868e+00,1.274588098763596244e+00,0.000000000000000000e+00,1.584856652217538076e-01,0.000000000000000000e+00,1.112801611818257513e-01,6.266261584242405203e-02,1.590896794221316137e-05,-1.058995222512835774e-05,1.566634931499532313e-01,9.075003062233011342e-02,7.484685655455357578e-01
5.726442426550815590e+00,5.978177195958338075e+00,3.267520225734189765e+00,4.451398128292487932e+00,1.405554504848477437e-01,4.882255514722086076e+00,1.274588098763596244e+00,0.000000000000000000e+00,1.434395540768626798e-01,0.000000000000000000e+00,1.177625033345387762e-01,5.699056541850285734e-02,5.833287906839714583e-05,-1.058995222512835774e-05,1.569931252230720997e-01,8.836797666899535997e-02,7.506579768291651300e-01
5.726442426550815590e+00,5.983564238211349640e+00,3.267520758366408096e+00,4.456495684935008583e+00,1.424333285932466997e-01,4.882297060035091008e+00,1.274589030869977879e+00,0.000000000000000000e+00,1.269458151424317505e-01,5.298979326933172992e-06,1.318075655151827175e-01,5.596694200282806286e-02,7.659443099882726376e-04,1.059795865386634598e-05,1.576934313158568357e-01,8.618308599982829610e-02,7.550132203670477660e-01
5.726442426550815590e+00,5.987221291020246916e+00,3.267520758366408096e+00,4.460646221493897556e+00,1.439887145383938472e-01,4.882484546575832418e+00,1.274589030869977879e+00,0.000000000000000000e+00,1.139811308370057147e-01,5.298979326933172992e-06,1.415310829054414743e-01,5.591017922090655429e-02,1.000660413205306347e-02,1.060597828950366367e-05,1.579065211505240041e-01,8.392166443645979190e-02,7.577017998577633140e-01
5.726442959183033032e+00,5.990574210832655844e+00,3.267520758366408096e+00,4.465070531012846011e+00,1.454737098069788515e-01,4.882786016411229113e+00,1.274589030869977879e+00,5.306951722507513519e-06,1.003744582613024239e-01,5.298979326933172992e-06,1.512545836509434083e-01,4.348569217546784799e-02,1.053326816445415010e-02,1.060597828950366367e-05,1.575952539982150291e-01,8.090084525180908648e-02,7.572289474569952050e-01
5.726442426550815590e+00,5.994511428188229907e+00,3.267520758366408096e+00,4.471315377452972584e+00,1.471955599650127400e-01,4.883221176933348673e+00,1.274589030869977879e+00,0.000000000000000000e+00,1.004762575939707053e-01,0.000000000000000000e+00,1.588173120012527362e-01,4.429598806544887690e-02,7.832826980303006503e-03,0.000000000000000000e+00,1.577900996365462216e-01,7.829269854745493640e-02,7.590337349369417064e-01
5.726442959183033032e+00,5.997289637837400100e+00,3.267520758366408096e+00,4.476030237846848614e+00,1.485435688850267888e-01,4.883632901637875001e+00,1.274589030869977879e+00,5.307004550104820284e-06,8.904185894041780069e-02,0.000000000000000000e+00,1.544957505661107289e-01,4.348569217546784799e-02,1.533689608671143928e-02,0.000000000000000000e+00,1.574952000673052466e-01,7.548042616026634510e-02,7.584008223105144220e-01
5.726442959183033032e+00,5.999863849347070399e+00,3.267521290998625982e+00,4.480429247335441900e+00,1.497859668230623886e-01,4.884071257953301881e+00,1.274589030869977879e+00,0.000000000000000000e+00,8.256608314426749917e-02,5.307004550104820284e-06,1.499595383471083176e-01,3.673325555395034331e-02,1.350487428333230384e-02,0.000000000000000000e+00,1.575062630165821043e-01,7.321443055997658989e-02,7.593051606171539181e-01
5.726442959183033032e+00,6.003007444697800565e+00,3.267521823630844313e+00,4.486298321745758599e+00,1.510217235031295901e-01,4.884979928517236836e+00,1.274589030869977879e+00,5.298979326933172992e-06,7.400670836788804385e-02,1.061390344501502704e-05,1.453124387582177268e-01,3.484257346637301828e-02,2.959067831630384643e-02,0.000000000000000000e+00,1.575608495682060406e-01,7.091649416882259138e-02,7.600008988696712597e-01
5.726442959183033032e+00,6.005281784268728273e+00,3.267523155211388808e+00,4.490570564766463768e+00,1.520862222803479047e-01,4.885834270594934914e+00,1.274589030869977879e+00,0.000000000000000000e+00,7.670768634544640474e-02,2.388151996751402287e-05,1.357886418049581156e-01,3.754354728274217345e-02,2.700974856666460769e-02,0.000000000000000000e+00,1.583653838099691180e-01,6.888011966524257290e-02,7.649129992787294663e-01
5.726442959183033032e+00,6.007648801845589581e+00,3.267525818372479129e+00,4.494671300212967679e+00,1.533628751279046409e-01,4.886640143140791537e+00,1.274589030869977879e+00,0.000000000000000000e+00,8.264983123817208621e-02,4.500729644883786045e-05,1.328879600351574319e-01,5.023812879698535266e-02,2.809013684485551360e-02,0.000000000000000000e+00,1.580357954200912185e-01,6.639987059324689578e-02,7.639061940923660421e-01
5.726442959183033032e+00,6.010992134278075660e+00,3.267536471016839084e+00,4.499757937895019211e+00,1.556821721869842134e-01,4.887803411904939388e+00,1.274589030869977879e+00,0.000000000000000000e+00,8.859197613089775381e-02,1.456132740122612079e-04,1.220840564473023859e-01,6.374300620120955385e-02,2.755858029424870445e-02,0.000000000000000000e+00,1.583441675854306285e-01,6.441337780268664714e-02,7.668820012271804210e-01
5.726443491815251363e+00,6.013667013276950968e+00,3.267551651035052629e+00,4.503274908430578094e+00,1.577189078544063705e-01,4.888499562213885596e+00,1.274589030869977879e+00,5.302989144751831836e-06,9.378740394347884202e-02,4.867588781277449477e-04,1.129007446394094116e-01,6.795825341339777059e-02,1.728623845848696952e-02,0.000000000000000000e+00,1.581154471418470819e-01,6.224427629466158796e-02,7.670122413488658086e-01
5.726442959183033032e+00,6.017511019994371324e+00,3.267598522670238204e+00,4.507472582940760475e+00,1.602465306897573882e-01,4.889357100084890995e+00,1.274589030869977879e+00,0.000000000000000000e+00,9.507430996123236722e-02,1.702040296683202027e-03,1.015566521139454059e-01,6.644398001757871597e-02,2.266520072236384575e-02,0.000000000000000000e+00,1.568124961872970069e-01,5.999194771854704511e-02,7.623620218035129792e-01
5.726442959183033032e+00,6.020486836196425884e+00,3.267865637727572992e+00,4.510344003228084375e+00,1.621710307619895208e-01,4.890163505262966837e+00,1.274589030869977879e+00,0.000000000000000000e+00,9.993606865636175951e-02,9.723509067880338474e-03,9.369917840999156255e-02,5.918135663260769286e-02,3.410450957917657983e-02,0.000000000000000000e+00,1.578163067911695638e-01,5.801764775381670208e-02,7.695870121183002732e-01
5.726442959183033032e+00,6.023505262975921148e+00,3.268331158286119198e+00,4.513072678080979117e+00,1.639005042186437722e-01,4.891268184483132053e+00,1.274589030869977879e+00,-5.298979326933172992e-06,1.037174328315164096e-01,1.578355085370706026e-02,8.643119541332675015e-02,5.291214642969586934e-02,4.915774259938904961e-02,0.000000000000000000e+00,1.582436917422228029e-01,5.581129640046494228e-02,7.727512295933623987e-01
5.726442959183033032e+00,6.026616367761352677e+00,3.268809728334006515e+00,4.515636236946289905e+00,1.656347214309897564e-01,4.893029066595891763e+00,1.274589030869977879e+00,0.000000000000000000e+00,1.014537542273274695e-01,1.917692158636160119e-02,8.776895948552239368e-02,6.860476073514973350e-02,5.401949713332921538e-02,0.000000000000000000e+00,1.579960341611642005e-01,5.350721897475840816e-02,7.722698461299329908e-01
5.726442959183033032e+00,6.030824694915895456e+00,3.269561805025845036e+00,4.519106868478880656e+00,1.677561456210764634e-01,4.895407269449333576e+00,1.274589030869977879e+00,0.000000000000000000e+00,1.023135308181243458e-01,1.809653122757609589e-02,8.967236232849405686e-02,4.664293206559484012e-02,5.509988333092551843e-02,0.000000000000000000e+00,1.573940957752089365e-01,5.102618328636599615e-02,7.714235334086269047e-01
5.726443491815251363e+00,6.033838328005429297e+00,3.270101095146585646e+00,4.521825423319634218e+00,1.691088982967821897e-01,4.897226741106075032e+00,1.274589030869977879e+00,5.302989144751831836e-06,1.074987970066710735e-01,1.674604327909421514e-02,8.859197613089775381e-02,5.115676540906217290e-02,6.320280894122221049e-02,0.000000000000000000e+00,1.579798939228930776e-01,4.920295057548931816e-02,7.763719459872019391e-01
5.726443491815251363e+00,6.036821601058535158e+00,3.270599106270430489e+00,4.524652635132861533e+00,1.707803481311863658e-01,4.899066985419319842e+00,1.274589030869977879e+00,5.311026558907471759e-06,9.723509067880338474e-02,1.701614086879059060e-02,9.993606865636175951e-02,5.642290430977405652e-02,5.662035689865741600e-02,0.000000000000000000e+00,1.569357531975354436e-01,4.652359152965001438e-02,7.732449066332666154e-01
5.726443491815251363e+00,6.040664542511520629e+00,3.271316029235880052e+00,4.528594113546179578e+00,1.727561972781865851e-01,4.901221482741194180e+00,1.274589030869977879e+00,5.310973223352499129e-06,9.428894375576801767e-02,1.428035558384435286e-02,1.057709380914276659e-01,3.484257346637301828e-02,5.401949713332921538e-02,0.000000000000000000e+00,1.582299501364212990e-01,4.453835615618459420e-02,7.805095334475310453e-01
5.726443491815251363e+00,6.043469916403810593e+00,3.271903256256242454e+00,4.531836245857241430e+00,1.740756604402663443e-01,4.902775170921145786e+00,1.274589030869977879e+00,0.000000000000000000e+00,9.420024384671155104e-02,1.805532921268012889e-02,1.069585997466837302e-01,4.915774259938904961e-02,4.915774259938904961e-02,0.000000000000000000e+00,1.573805410281303441e-01,4.199518750110892151e-02,7.772795924016541180e-01
5.726443491815251363e+00,6.047103533395113750e+00,3.272467580091229955e+00,4.536309823856356616e+00,1.758222613516811916e-01,4.904507290894133398e+00,1.274589030869977879e+00,0.000000000000000000e+00,8.967236232849405686e-02,1.539555637090963755e-02,1.101997666618510369e-01,4.429598806544887690e-02,3.943423353150870420e-02,0.000000000000000000e+00,1.573753030732333580e-01,3.970647731092460941e-02,7.784685840577018068e-01
5.726443491815251363e+00,6.049668157524861201e+00,3.272952541725733244e+00,4.539663276300984762e+00,1.768943834275198412e-01,4.905804782977220668e+00,1.274589030869977879e+00,0.000000000000000000e+00,8.156943671819737174e-02,1.593575155030238846e-02,1.073898737180868507e-01,3.079111274181927510e-02,4.429598806544887690e-02,0.000000000000000000e+00,1.577942820415013658e-01,3.737075222401677055e-02,7.824433456171997481e-01
5.726443491815251363e+00,6.052080981472472310e+00,3.273303812673515445e+00,4.542953345511668850e+00,1.778285704036492165e-01,4.906937159072722210e+00,1.274589030869977879e+00,0.000000000000000000e+00,8.048905052060108256e-02,1.629995027264103530e-02,1.087311331892132221e-01,2.995044225124912987e-02,3.510758296197111217e-02,0.000000000000000000e+00,1.571984672844063124e-01,3.493699055272266735e-02,7.799752506442810818e-01
5.726443491815251363e+00,6.054342537870168073e+00,3.273815405918919286e+00,4.546336092728286538e+00,1.788198322508903204e-01,4.908013608785332771e+00,1.274589030869977879e+00,0.000000000000000000e+00,7.222131685072051555e-02,1.485536119151688490e-02,1.088335150883699559e-01,3.372797605174220059e-02,2.974088684356811924e-02,0.000000000000000000e+00,1.572213070083733066e-01,3.278245271307481112e-02,7.811228356271014972e-01
5.726443491815251363e+00,6.057115421197157623e+00,3.274280926477465492e+00,4.550848020247099335e+00,1.799261925914932836e-01,4.909098580613430407e+00,1.274589030869977879e+00,0.000000000000000000e+00,6.570133674166410420e-02,9.723509067880338474e-03,1.172223060745514189e-01,2.700974856666460769e-02,2.917052720364101542e-02,0.000000000000000000e+00,1.578628816149209579e-01,3.062974314408771839e-02,7.853549953333250899e-01
5.726443491815251363e+00,6.059011591893294302e+00,3.274576803674573267e+00,4.554358599196041801e+00,1.807100774136012888e-01,4.909976358508719940e+00,1.274589030869977879e+00,0.000000000000000000e+00,5.812355320881742310e-02,6.347290757121587870e-03,1.204634729897187256e-01,2.700974856666460769e-02,3.082237367570868011e-02,0.000000000000000000e+00,1.569864483346197492e-01,2.843067938927093530e-02,7.821992589640798244e-01
5.726443491815251363e+00,6.061288594625311887e+00,3.274768284956949493e+00,4.559499032732112767e+00,1.815348584031988566e-01,4.910979837607462706e+00,1.274589962976359514e+00,0.000000000000000000e+00,5.010651038248659095e-02,7.558896415201787726e-03,1.314026734833282084e-01,1.688109259409105445e-02,1.728623845848696952e-02,1.058195697145903039e-05,1.571826441605099767e-01,2.628424637837331601e-02,7.842520389279613591e-01
5.726443491815251363e+00,6.062814585929928057e+00,3.274968288354814572e+00,4.563520405978132466e+00,1.821370324151793674e-01,4.911581179381601991e+00,1.274589962976359514e+00,0.000000000000000000e+00,5.023812879698535266e-02,3.312389569495791889e-03,1.314026734833282084e-01,2.407377159004197437e-02,1.998721331515342786e-02,1.058195697145903039e-05,1.570144440646853157e-01,2.396879283599785346e-02,7.850960676587500631e-01
5.726443491815251363e+00,6.064203690754512266e+00,3.275099315880446227e+00,4.567655762518807450e+00,1.829389767984294923e-01,4.912228327526491078e+00,1.274589962976359514e+00,0.000000000000000000e+00,4.591657152303253026e-02,7.152043943083891651e-03,1.367907726783981204e-01,2.592935820787910239e-02,2.430877266970084619e-02,1.060608394469827720e-05,1.575027990511349840e-01,2.188911541112395845e-02,7.893315991622297245e-01
5.726443491815251363e+00,6.065591197682444147e+00,3.275323820360340310e+00,4.571981268761313721e+00,1.836106093805906503e-01,4.912776938711047592e+00,1.274589962976359514e+00,0.000000000000000000e+00,4.267540044667601784e-02,3.769237169444771950e-03,1.442320442382430123e-01,2.133770022333800892e-02,1.836662777697517165e-02,0.000000000000000000e+00,1.567775853989132051e-01,1.979297963842042984e-02,7.870286017174482618e-01
5.726443491815251363e+00,6.067449018858883214e+00,3.275385872013738986e+00,4.577793351524302778e+00,1.844106562615641098e-01,4.913336202539964503e+00,1.274589962976359514e+00,0.000000000000000000e+00,5.342511286753715699e-02,1.244944585827978791e-03,1.436918553006340804e-01,2.214799403272443845e-02,1.781739865582216559e-02,0.000000000000000000e+00,1.563009715299813751e-01,1.766673354778751370e-02,7.851955705596436186e-01
5.726443491815251363e+00,6.069080471342666705e+00,3.275456445782626069e+00,4.582105541961358774e+00,1.848996292824594545e-01,4.913825158916102609e+00,1.274589962976359514e+00,0.000000000000000000e+00,5.311290300280660515e-02,3.974867275335490502e-03,1.489427434429160535e-01,1.677479397559676275e-02,1.431516601212413226e-02,0.000000000000000000e+00,1.561308134079610055e-01,1.596639881364818672e-02,7.848093628719952086e-01
5.726443491815251363e+00,6.071000077856394839e+00,3.275697994493496523e+00,4.586652090574342644e+00,1.853429290906599691e-01,4.914337018477616503e+00,1.274589962976359514e+00,0.000000000000000000e+00,6.590378275759135873e-02,9.183313888487585827e-03,1.519656809515081697e-01,1.107399701636221923e-02,1.620584809970146423e-02,0.000000000000000000e+00,1.565506328976217776e-01,1.429479137565653479e-02,7.871064645413489158e-01
5.726443491815251363e+00,6.073946066654239750e+00,3.276270574127863267e+00,4.592878561202947907e+00,1.858823190799418767e-01,4.914811061151650229e+00,1.274589962976359514e+00,0.000000000000000000e+00,8.156943671819737174e-02,1.701614086879059060e-02,1.573344472615398060e-01,1.296467910393955120e-02,1.106838357212703780e-02,0.000000000000000000e+00,1.564624438057650724e-01,1.263233924360223845e-02,7.878140981237881091e-01
5.726443491815251363e+00,6.076608162479883113e+00,3.276741421008589228e+00,4.597763331274371090e+00,1.862638002613389299e-01,4.915119987838100002e+00,1.274589962976359514e+00,0.000000000000000000e+00,8.913216506850671350e-02,2.187789540273075983e-02,1.561163340236943753e-01,1.350487428333230384e-02,8.212682697167525761e-03,0.000000000000000000e+00,1.562462975125834541e-01,1.076104145556967991e-02,7.880241973254126231e-01
5.726443491815251363e+00,6.079335772068342969e+00,3.277361138594250711e+00,4.602294433553032249e+00,1.866271885920802454e-01,4.915364466026168166e+00,1.274589962976359514e+00,0.000000000000000000e+00,9.579355487025711935e-02,1.890682295636792604e-02,1.539555616285017692e-01,1.097215399120730732e-02,9.863560132299482516e-03,0.000000000000000000e+00,1.569151311998890075e-01,9.189224273296650244e-03,7.922467056744959546e-01
5.726443491815251363e+00,6.083367265326504736e+00,3.278333725024347167e+00,4.608303590236686453e+00,1.870267459793761855e-01,4.915746895958704066e+00,1.274589962976359514e+00,0.000000000000000000e+00,1.031772355715290662e-01,2.565925957788542724e-02,1.463928332781924413e-01,1.131953110619181822e-02,1.062383332657095870e-02,0.000000000000000000e+00,1.570874335304112135e-01,7.479264905746503198e-03,7.936283377211861279e-01
5.726444024447468806e+00,6.086384626841565115e+00,3.279148386001802695e+00,4.612789951409033584e+00,1.873834764073922798e-01,4.915992439411208892e+00,1.274589962976359514e+00,5.302989144751831836e-06,1.084691696841118963e-01,2.511906439849267633e-02,1.458526443405834816e-01,1.089393091626733416e-02,7.020916028762464942e-03,0.000000000000000000e+00,1.560794512126025546e-01,6.096231021273063738e-03,7.889699383476007633e-01
5.726444024447468806e+00,6.090776712111323654e+00,3.280339617957395149e+00,4.618620676299653560e+00,1.877659063399276795e-01,4.916299768201004561e+00,1.274589030869977879e+00,5.307004550104820284e-06,1.118203584418131086e-01,3.129956220878044038e-02,1.489427434429160535e-01,1.158659414866172396e-02,7.380169177733048556e-03,-1.058995222512835774e-05,1.567165068496433056e-01,4.427191407014534515e-03,7.928434339467833603e-01
5.726444024447468806e+00,6.094156796166852352e+00,3.281380647627507141e+00,4.623129408025158149e+00,1.880475023356899533e-01,4.916528800054751791e+00,1.274589030869977879e+00,5.302989144751831836e-06,1.133473401094588912e-01,3.811680519094933633e-02,1.517947892333091631e-01,6.862720098822555279e-03,4.321559614621742380e-03,-1.060597828950366367e-05,1.571185553496063092e-01,2.725608588993032322e-03,7.956956408720987639e-01
5.726444024447468806e+00,6.097441006423138354e+00,3.282574542744189916e+00,4.627602453392055004e+00,1.882158806956102104e-01,4.916669947592525958e+00,1.274589030869977879e+00,0.000000000000000000e+00,1.064184024866963729e-01,3.611065842536025777e-02,1.485536056733850474e-01,5.903952457920955132e-03,4.303335946580439178e-03,-1.059795865386634598e-05,1.575149598976214593e-01,9.864921613857585442e-04,7.980883578678868995e-01
5.726444024447468806e+00,6.100603776533715994e+00,3.283694401982568234e+00,4.632047801883615534e+00,1.884137535646030759e-01,4.916827606729058608e+00,1.274589030869977879e+00,0.000000000000000000e+00,9.993606865636175951e-02,3.453744802626099175e-02,1.490938112557508022e-01,7.550369618375680006e-03,4.597161157262390392e-03,0.000000000000000000e+00,1.577939729258621138e-01,-9.585503149493724249e-04,7.993223626039663854e-01
5.726444024447468806e+00,6.104754579408713688e+00,3.285228915402671923e+00,4.637977596366785527e+00,1.887115116192307485e-01,4.917020952224198105e+00,1.274589962976359514e+00,0.000000000000000000e+00,1.047978190291127126e-01,3.349208655818843028e-02,1.469330222158013732e-01,7.552247875152296765e-03,3.404080593366404055e-03,1.058995222512835774e-05,1.581738931251910063e-01,-2.485437704930242714e-03,8.015953701432196876e-01
5.726444024447468806e+00,6.107822540984484405e+00,3.286331996726183036e+00,4.642406433259587573e+00,1.888989149361882669e-01,4.917168491348588688e+00,1.274589962976359514e+00,0.000000000000000000e+00,1.010164548539580626e-01,3.510758296197111217e-02,1.480134167357760877e-01,4.621537923763672541e-03,2.649252575241704041e-03,1.058995222512835774e-05,1.571931462431844229e-01,-4.108958529676550245e-03,7.964219164517469807e-01
5.726444024447468806e+00,6.110856946730521599e+00,3.287461443344485090e+00,4.646900783915205224e+00,1.890596866422450117e-01,4.917265430412267158e+00,1.274589962976359514e+00,0.000000000000000000e+00,9.880277709923535046e-02,3.532508832162493256e-02,1.504610781593974933e-01,4.982810289795133046e-03,2.654901389585114478e-03,1.058195697145903039e-05,1.581291446917855725e-01,-5.833232554873273024e-03,8.012285188693540894e-01
5.726444024447468806e+00,6.114642363903959321e+00,3.288763729117533785e+00,4.652900885851154023e+00,1.893070277284860936e-01,4.917398588466771692e+00,1.274589962976359514e+00,0.000000000000000000e+00,9.729816598474623490e-02,3.214159965000385616e-02,1.543392232730413094e-01,7.125514281318579002e-03,3.077687055162250593e-03,0.000000000000000000e+00,1.587997579917545532e-01,-7.767344633891990792e-03,8.047113120516614648e-01
5.726444024447468806e+00,6.117389148252267539e+00,3.289670269152597193e+00,4.657771274852690269e+00,1.895086956020323732e-01,4.917508843335900437e+00,1.274589962976359514e+00,0.000000000000000000e+00,8.927357060001150924e-02,2.619945475727817816e-02,1.615182899788110971e-01,4.238803964342131511e-03,5.421419397466272806e-03,0.000000000000000000e+00,1.585398352684569134e-01,-9.528961347251599726e-03,8.030637407101037795e-01
5.726444024447468806e+00,6.120076277792156461e+00,3.290477473279000087e+00,4.662735939756815995e+00,1.896076320365288059e-01,4.917583944478640667e+00,1.274589962976359514e+00,0.000000000000000000e+00,8.877203078772233358e-02,2.268818713152258998e-02,1.642192679563694580e-01,2.551311705262137870e-03,2.478057610379495301e-03,0.000000000000000000e+00,1.593352937953950998e-01,-1.162359366949233634e-02,8.076438620045763850e-01
5.726444024447468806e+00,6.123425469179040626e+00,3.291479887113305303e+00,4.669313415017094293e+00,1.897569854394117739e-01,4.917691536186680423e+00,1.274589962976359514e+00,0.000000000000000000e+00,8.210963397818472898e-02,2.268818713152258998e-02,1.620584789164200290e-01,3.893855423406366711e-03,4.212381193124476765e-03,0.000000000000000000e+00,1.584784965591984895e-01,-1.341756069764385786e-02,8.037091952709896070e-01
5.726444024447468806e+00,6.125788758330376282e+00,3.292222376425220087e+00,4.674266362012422960e+00,1.898739980798071492e-01,4.917812443700169567e+00,1.274591028240795509e+00,0.000000000000000000e+00,7.778807254304270780e-02,2.077643278182000550e-02,1.623451016287398296e-01,4.736127711745437459e-03,2.123921033645794019e-03,1.058995222512835774e-05,1.594911337978893451e-01,-1.536694169636275246e-02,8.080841585379784364e-01
5.726444024447468806e+00,6.128021552588299947e+00,3.292853279287459856e+00,4.679228896387677139e+00,1.901279970687734522e-01,4.917851325852084621e+00,1.274591028240795509e+00,0.000000000000000000e+00,7.924283261087690378e-02,2.457887129969452480e-02,1.650056494919994177e-01,8.777722776846925284e-03,1.322443613846585510e-03,1.058995222512835774e-05,1.592084025977921757e-01,-1.714409170276431221e-02,8.063706196499254020e-01
5.726444024447468806e+00,6.130946236097424062e+00,3.293600029657118178e+00,4.685899582286107368e+00,1.904932995465482559e-01,4.917909382763848036e+00,1.274591028240795509e+00,0.000000000000000000e+00,7.346651110790068662e-02,2.187789540273075983e-02,1.663800403515620641e-01,9.392163974598643356e-03,1.196030456929602064e-03,1.059795865386634598e-05,1.586745324338818541e-01,-1.916932322449600365e-02,8.044722385049385416e-01
5.726444024447468806e+00,6.133157192434408600e+00,3.294164353492105679e+00,4.690714044904752633e+00,1.908357654179756169e-01,4.917961580721214254e+00,1.274591028240795509e+00,0.000000000000000000e+00,7.940865600062636809e-02,1.553301813534705735e-02,1.667511185599509782e-01,1.296467910393955120e-02,1.854661273388059440e-03,0.000000000000000000e+00,1.591629566465982415e-01,-2.103574056321844826e-02,8.078136165670732893e-01
5.726444024447468806e+00,6.135570016382019709e+00,3.294757705782975332e+00,4.695633436070346889e+00,1.913399683913549199e-01,4.918044671347225005e+00,1.274591028240795509e+00,0.000000000000000000e+00,8.319002017578103203e-02,2.507684497283651365e-02,1.624979670753103622e-01,1.625464532519066418e-02,1.455747179935498433e-03,0.000000000000000000e+00,1.599248167118666186e-01,-2.275934434743090776e-02,8.118411970933885335e-01
5.726444024447468806e+00,6.139067812157730231e+00,3.295786751228181988e+00,4.701964835245901142e+00,1.919535607065091520e-01,4.918088879821319814e+00,1.274591960347176922e+00,0.000000000000000000e+00,8.913216506850671350e-02,2.617291053135065507e-02,1.544957505661107289e-01,1.403972857638268769e-02,3.540064420432278936e-04,1.058984656993374421e-05,1.600674597640710795e-01,-2.431859320184578260e-02,8.126429411219299181e-01
5.726444024447468806e+00,6.141831108104796932e+00,3.296713264971420809e+00,4.706519905974372975e+00,1.924187483699187351e-01,4.918117641961092801e+00,1.274591960347176922e+00,0.000000000000000000e+00,9.378740394347884202e-02,2.881124388604870690e-02,1.494823997483069877e-01,1.688109259409105445e-02,7.167241386277132219e-04,1.058995222512835774e-05,1.600578411219001629e-01,-2.582446386775511318e-02,8.126998639815390391e-01
5.726444557079688025e+00,6.144652993595845381e+00,3.297730858823939570e+00,4.710935427061724745e+00,1.928905939360535116e-01,4.918150132526391438e+00,1.274591960347176922e+00,5.307004550104820284e-06,9.561450722121972445e-02,3.997442663030685572e-02,1.435462636127907976e-01,1.248356760974642966e-02,1.078758132320530375e-03,1.058995222512835774e-05,1.605276491321039611e-01,-2.728248144866439809e-02,8.151762495369943018e-01
5.726444557079688025e+00,6.148544404580667866e+00,3.299298129125451506e+00,4.716591448584835256e+00,1.935698331720782372e-01,4.918210852599245619e+00,1.274591960347176922e+00,5.306951722507513519e-06,9.605727439720222749e-02,4.294549907666969646e-02,1.393702938654920731e-01,1.625464532519066418e-02,1.854661273388059440e-03,0.000000000000000000e+00,1.604028629207785439e-01,-2.879188380757434843e-02,8.145184205867133098e-01
5.726444557079688025e+00,6.151624084065235643e+00,3.300747687706781619e+00,4.720748643046448478e+00,1.941263339713639180e-01,4.918236418945710398e+00,1.274592892453558557e+00,5.310973223352499129e-06,1.068502257350743140e-01,5.591017922090655429e-02,1.322136642919061744e-01,2.025730986455250363e-02,6.928699264643454906e-04,1.060597828950366367e-05,1.609953926222474074e-01,-3.033465812278936941e-02,8.178236632981409349e-01
5.726444557079688025e+00,6.154788452072467386e+00,3.302249444245477505e+00,4.724608096098190657e+00,1.947323196326546657e-01,4.918256658969995421e+00,1.274592892453558557e+00,0.000000000000000000e+00,1.068273641615916786e-01,5.591017922090655429e-02,1.258857688376609496e-01,2.214799403272443845e-02,6.596155228722574331e-04,1.060597828950366367e-05,1.616183240821557343e-01,-3.196092984974827078e-02,8.209466497065022184e-01
5.726444557079688025e+00,6.159003170813628358e+00,3.304515794333134693e+00,4.729590337865511529e+00,1.955019232534170870e-01,4.918314715881758836e+00,1.274592892453558557e+00,0.000000000000000000e+00,1.064184024866963729e-01,5.807095577728835917e-02,1.172223060745514189e-01,2.214799403272443845e-02,1.145445610566121026e-03,1.058995222512835774e-05,1.610258116406067808e-01,-3.322582153730922055e-02,8.183917106340374836e-01
5.726444557079688025e+00,6.162232519951457377e+00,3.306318754391118109e+00,4.733133407379753521e+00,1.961174297156048352e-01,4.918342945389313492e+00,1.274593824559939970e+00,0.000000000000000000e+00,1.067268714423332127e-01,6.104202822365119296e-02,1.181828333783373486e-01,2.322838231091534089e-02,2.184325571324547929e-04,1.058995222512835774e-05,1.616164001740842404e-01,-3.444865542547552451e-02,8.225460752522517627e-01
5.726444557079688025e+00,6.165499685976767452e+00,3.308096148102636747e+00,4.736622681039975191e+00,1.969051095422662268e-01,4.918350934872584013e+00,1.274593824559939970e+00,0.000000000000000000e+00,1.080389942666584308e-01,5.541982884638491785e-02,1.166821088145640617e-01,2.406308149497882534e-02,2.646137437483712896e-04,1.059795865386634598e-05,1.605032522086762281e-01,-3.530741429013796451e-02,8.174542285228212357e-01
5.726444557079688025e+00,6.169981786091370601e+00,3.310484470968220183e+00,4.741395598345614637e+00,1.975919554321544647e-01,4.918371707529086478e+00,1.274594756666321604e+00,0.000000000000000000e+00,1.156017226169677586e-01,6.018443209599683846e-02,1.210036702497060829e-01,1.728623845848696952e-02,4.056684187338280810e-04,1.856046226061024097e-05,1.612682228275220953e-01,-3.674482739056900149e-02,8.222238749269535907e-01
5.726444024447468806e+00,6.173475320809336253e+00,3.312178774053728514e+00,4.745052651154511913e+00,1.981646349350623948e-01,4.918388751760063293e+00,1.274594756666321604e+00,-5.307004550104820284e-06,1.156017226169677586e-01,5.211077212936659347e-02,1.226242537072897293e-01,1.688109259409105445e-02,5.746247288232703230e-04,1.060597828950366367e-05,1.623273865322942267e-01,-3.811342808330559634e-02,8.274787730695422061e-01
5.726444024447468806e+00,6.177039162980079823e+00,3.313806764428094187e+00,4.748855645191144781e+00,1.986612146098212794e-01,4.918394610714461379e+00,1.274595688772703017e+00,-5.307004550104820284e-06,1.219603609370466107e-01,5.893058672646311197e-02,1.322136642919061744e-01,1.296467910393955120e-02,4.081183513865314287e-04,1.854642840620260766e-05,1.611577460384446547e-01,-3.862592839886905965e-02,8.216025903997187241e-01
5.726444557079688025e+00,6.181760414960572270e+00,3.315937293300157851e+00,4.754075973559918289e+00,1.991853912913761349e-01,4.918404730726603447e+00,1.274595688772703017e+00,0.000000000000000000e+00,1.213719354941936168e-01,4.937775715613242078e-02,1.382899076678957562e-01,1.248356760974642966e-02,2.514453679310745394e-04,1.058995222512835774e-05,1.635879821058539019e-01,-3.990464715164608600e-02,8.343511132512850814e-01
5.726444557079688025e+00,6.185410010918417356e+00,3.317479263571312842e+00,4.758237961711493824e+00,1.995915899366404733e-01,4.918422307589797704e+00,1.274594756666321604e+00,5.307004550104820284e-06,1.215438675096934262e-01,5.126652509667625757e-02,1.447722498206087671e-01,1.391397639836320678e-02,3.335834879801359348e-04,0.000000000000000000e+00,1.613234396687545091e-01,-4.009632839781780700e-02,8.233782886932238254e-01
5.726444557079688025e+00,6.188984505733521324e+00,3.319052925459441195e+00,4.762549086884114047e+00,2.001423982290961023e-01,4.918449471832916586e+00,1.274594756666321604e+00,5.302989144751831836e-06,1.129007446394094116e-01,5.131851915577085449e-02,1.489427434429160535e-01,2.025730986455250363e-02,8.494296638058216860e-04,-1.061390344501502704e-05,1.636591185978064633e-01,-4.146971934185298553e-02,8.358178081540950100e-01
5.726444557079688025e+00,6.193519869069926465e+00,3.320991174100800691e+00,4.768576353063181728e+00,2.009196085037220914e-01,4.918698743710947952e+00,1.274594756666321604e+00,0.000000000000000000e+00,1.096595777242421049e-01,5.065522975796220295e-02,1.523349781709181228e-01,1.981070815271922594e-02,6.144406255882037607e-03,-1.061400910020964057e-05,1.622354934879846333e-01,-4.167305216832908193e-02,8.285443217501399227e-01
5.726444557079688025e+00,6.196794491946287842e+00,3.322467896925249686e+00,4.773388152520737115e+00,2.014104956716509520e-01,4.918936830312401476e+00,1.274594756666321604e+00,0.000000000000000000e+00,1.063105860744402026e-01,4.889984873732850651e-02,1.631388734363947435e-01,1.676660683583936981e-02,9.125823938752802844e-03,0.000000000000000000e+00,1.632937841552848657e-01,-4.284613078225012195e-02,8.351321963692980299e-01
5.726444557079688025e+00,6.200017449497501332e+00,3.323919319719342624e+00,4.778466800719517238e+00,2.018366680250908984e-01,4.919362936086813853e+00,1.274594756666321604e+00,0.000000000000000000e+00,1.057709380914276659e-01,5.023812879698535266e-02,1.701614128490951394e-01,1.247747458845557128e-02,1.942731490488329438e-02,0.000000000000000000e+00,1.629067790431317497e-01,-4.291189453988918101e-02,8.325802564956440444e-01
